,Site_Independent,EVmutation,DeepSequence_single,DeepSequence_ensemble,EVE_single,EVE_ensemble,Unirep,Unirep_evotune,MSA_Transformer_single,MSA_Transformer_ensemble,ESM1b,ESM1v_single,ESM1v_ensemble,ESM2_8M,ESM2_35M,ESM2_150M,ESM2_650M,ESM2_3B,ESM2_15B,Wavenet,RITA_s,RITA_m,RITA_l,RITA_xl,Progen2_small,Progen2_medium,Progen2_base,Progen2_large,Progen2_xlarge,GEMME,VESPA,VESPAl,VespaG,ProtGPT2,Tranception_S_no_retrieval,Tranception_M_no_retrieval,Tranception_L_no_retrieval,Tranception_S,Tranception_M,Tranception_L,TranceptEVE_S,TranceptEVE_M,TranceptEVE_L,CARP_38M,CARP_600K,CARP_640M,CARP_76M,MIF,MIFST,ESM-IF1,ProteinMPNN,ProtSSN_k10_h512,ProtSSN_k10_h768,ProtSSN_k10_h1280,ProtSSN_k20_h512,ProtSSN_k20_h768,ProtSSN_k20_h1280,ProtSSN_k30_h512,ProtSSN_k30_h768,ProtSSN_k30_h1280,ProtSSN_ensemble,SaProt_650M_AF2,SaProt_35M_AF2,PoET,MULAN_small,ProSST-20,ProSST-128,ProSST-512,ProSST-1024,ProSST-2048,ProSST-4096,ESCOTT,VenusREM,RSALOR,S2F,S2F_MSA,S3F,S3F_MSA,SiteRM,ESM3,ESMC-300M,ESMC-600M,xTrimoPGLM-1B-MLM,xTrimoPGLM-3B-MLM,xTrimoPGLM-10B-MLM,xTrimoPGLM-1B-CLM,xTrimoPGLM-3B-CLM,xTrimoPGLM-7B-CLM,xTrimoPGLM-100B-int4,Progen3_112m,Progen3_219m,Progen3_339m,Progen3_762m,Progen3_1b,Progen3_3b
Site_Independent,1.0,0.7058985250985438,0.5411338654715989,0.5493377274885431,0.6019065876434586,0.6231266280014532,0.3269627219324156,0.3199046616701404,0.47472385790157556,0.4945231156789527,0.4650992187042394,0.4463082564618214,0.486731741090633,0.40982629074239496,0.40524312921985395,0.389935369734567,0.4279756103716573,0.4020349161540753,0.3889270741996079,0.4871900572428871,0.4127595141168212,0.3825106480680506,0.3980017340142392,0.39314358280034567,0.43585864819042786,0.39699343847928015,0.40001832508415724,0.3997433353928047,0.3978184075533375,0.6114853977341992,0.3877354522037473,0.32471695148121194,0.4362253011122311,0.3413080218295864,0.42843392652391143,0.3813190260721899,0.4094596378205917,0.6346761950382567,0.5816948478376827,0.6760163119715765,0.6336678995032976,0.6190017826311663,0.65071726036715,0.4945231156789527,0.3202713145919437,0.5059810194853052,0.5248636449581742,0.3309042493242389,0.40936797459014085,0.14757778842259872,0.11641229006931986,0.39571015325296865,0.3992850192405506,0.4116595553514114,0.4010266206191162,0.41129290242960803,0.4005683044668621,0.4248590605363295,0.39525183710071454,0.39158530788268175,0.4167010330262064,0.38397725975526364,0.39571015325296865,0.5611622842166989,0.31477152076489456,0.3248544761144847,0.3448370603527635,0.3348457682336241,0.3296209640979274,0.3981850604751408,0.31083000185550924,0.5987900377884915,0.4632659540952231,0.48297352909355196,0.4296255485197721,0.5983775557797318,0.4478665313794853,0.6096521331251827,0.650258944214896,0.34584531466544033,0.5444793236694171,0.5172553717176682,0.479582009115469,0.4396168406389115,0.47096566545309193,0.36839451057862427,0.3254961187276405,0.18231815276345953,0.3895687168127637,0.4505705932154942,0.45318299874563284,0.46033273072079683,0.4522663664411246,0.4641825863997313,0.4667491568523542
EVmutation,0.7058985250985438,1.0,0.6553920851201419,0.6698290453032187,0.7009487106541995,0.7233603716616086,0.27604380285802965,0.37687336201312616,0.5220679184372521,0.5519501314386821,0.508226770697326,0.5024519872031846,0.5535084063497996,0.32288371950440764,0.3297584617593379,0.32856683976848333,0.40492231041324145,0.42820477084993835,0.43801273646697214,0.4929190112763481,0.4376460835467092,0.42728813854928105,0.44232090828006176,0.4318713000525678,0.463403451195181,0.4483706814644003,0.4486456711545975,0.4419542553597988,0.43627113509572313,0.6386635470808684,0.4426875612003247,0.36252804776137126,0.45625371925005365,0.33053759640243563,0.4525871900474242,0.41564690833093254,0.44323754058071907,0.6088729973095042,0.5785324681577455,0.6520463786704659,0.6965947084824136,0.687061732555577,0.741234701524427,0.4146386128002094,0.23681194647268144,0.48210275012859116,0.46212016597426075,0.309225898224613,0.4135386540394206,0.15834822153641137,0.10756679207999365,0.3879646128510803,0.3881479393112117,0.3969476093975224,0.3927311008144986,0.4070305647047534,0.3937393963452216,0.4118887158982374,0.39163114205370975,0.3873229702406201,0.4087721660760023,0.38833126577134325,0.3424996507384752,0.556166640021706,0.3242586679553937,0.28566844809771885,0.31555066109914875,0.3044594102611947,0.3108758363657962,0.3822814925870046,0.2917182212820574,0.634492868577355,0.4360878086355917,0.5368256868028587,0.4101471145269884,0.6407718013723803,0.42224666089566554,0.6467299113266531,0.6207892172180498,0.3356248805726557,0.507126629723964,0.511434831864749,0.5434254510425687,0.5173930937038995,0.5560749767916402,0.4080388602354764,0.35102433113458864,0.18245565104369998,0.4763279666344499,0.4248590605363295,0.4458041110225597,0.47220312128149167,0.4700948669899798,0.4865942484018123,0.4875108807024696
DeepSequence_single,0.5411338654715989,0.6553920851201419,1.0,0.856592875959692,0.6514963956298481,0.6702415284531749,0.2466657310454965,0.3551950053937062,0.4916815555349773,0.5239470126536659,0.48297354864214936,0.4917732187654281,0.5438379336614939,0.28855583685596,0.29845546574464854,0.2794811770413288,0.3812273628417391,0.41367614642132944,0.43145881312878853,0.4568495279636656,0.4231174591577639,0.4010266206191162,0.4135844831908786,0.40826801582473105,0.44905815337534594,0.43045051759382946,0.4380585657212476,0.41330949349952617,0.42018423578333763,0.5897612121173548,0.42348411207956715,0.34304959838005245,0.44759154168813287,0.31866720376556024,0.4362253011122311,0.38489389205977187,0.4112012391991573,0.5484210951840349,0.5108391706991986,0.5677620368091579,0.6430175490092812,0.6286264218285025,0.6725331092144453,0.39131031819132933,0.19056784350403333,0.46949905376587886,0.423575775310018,0.2935973145307551,0.40551811891120637,0.1618772523729266,0.10330444811485262,0.35711993323317337,0.36619459304780455,0.3704111016485423,0.37224436625755875,0.39048534911727195,0.36335303290382914,0.3788441188500178,0.36142810506436196,0.35528666862415703,0.38076904668948497,0.3699527854962882,0.3180713970611241,0.5176222497525593,0.31275492969497654,0.25436545189780413,0.28525596055973046,0.2729730876793206,0.26848158938723043,0.36161143152526365,0.2578486546549352,0.6047481478053405,0.4053347924503048,0.5189971800227664,0.3923186137262883,0.591686139956822,0.414409452264936,0.6051606348330925,0.5680370265005104,0.30853837752101865,0.49644776427768245,0.505980789114663,0.5322883666246906,0.5035977754935839,0.5444795762746497,0.3997433353928047,0.3345707785422717,0.14308629013050855,0.4672074730046083,0.39428936936402825,0.422017500392354,0.442916716935141,0.4463999196922722,0.46014940425989515,0.46170767917755917
DeepSequence_ensemble,0.5493377274885431,0.6698290453032187,0.856592875959692,1.0,0.6794995147287076,0.6989779524641228,0.23855354144614493,0.37769833108371786,0.5040102621143021,0.5389339527693475,0.49264402158615084,0.5071268119365371,0.5633163719668334,0.27824372646239415,0.2895183037604797,0.2746688604898305,0.37604839294253456,0.4136303172694864,0.43627113509572313,0.46807827592853357,0.43654612478592036,0.41894678461329904,0.43150464713230485,0.4267381591688866,0.46221182920432646,0.45038727252584654,0.45368714880821304,0.4301296986813189,0.4376460835467092,0.5960401451003011,0.4461707639428226,0.3626197109941326,0.44204591858986453,0.3207296307441978,0.44699573301341433,0.4046473207230442,0.4228883035061257,0.5605664750648613,0.5303176091431684,0.5784408049276798,0.6608460487567765,0.6541546329619778,0.695403086491559,0.38750629670075154,0.179339101221465,0.4714698154409658,0.4203217330642851,0.2926348535827148,0.4105137674472513,0.17457261325804674,0.10518354809828445,0.3606489702914909,0.3662404273255008,0.370365272678459,0.3730235063503653,0.38915623484193484,0.3663320905555666,0.3789816163046381,0.36358219365359445,0.3566157881685985,0.3822814925870046,0.36614876409543506,0.3085842556141528,0.5270177328608019,0.30950088791481023,0.25587789832635455,0.28640175393824474,0.27806040000226273,0.2710939945172668,0.36275722458300286,0.2637609361120079,0.610018786046986,0.40996378806685696,0.5287593223537496,0.3887895819216719,0.6035565299656915,0.4110637468276458,0.6135478220428567,0.5761492241760364,0.3014344943217727,0.49062724221239884,0.5076766382637088,0.5492918977667758,0.5250928050294215,0.5633163719668334,0.4139053069596835,0.34451624179992135,0.1486319191494434,0.4831110456593143,0.39827672370559164,0.4302213619113846,0.45121224159643814,0.45451211787880463,0.47036985668017695,0.46542004225662725
EVE_single,0.6019065876434586,0.7009487106541995,0.6514963956298481,0.6794995147287076,1.0,0.8855584567821512,0.24034096806467753,0.39030202265637026,0.5506210127148545,0.5828864698335432,0.5239470126536659,0.5435629439701415,0.5907695076523138,0.26857325261768117,0.2812227784198944,0.28085612549809114,0.36161143152526365,0.4081763525942802,0.4370502701862885,0.4893899747737068,0.4572161808854689,0.44346669631784597,0.45620788535050993,0.4513497341366165,0.47985699880682153,0.46949905376587886,0.455657905967805,0.45730784411591974,0.44887482691444436,0.6177184974048548,0.4726156036012067,0.3838397377299725,0.4376919127994443,0.33342498396114006,0.4692240640745263,0.4344836997336655,0.43778357602989504,0.600302483619199,0.5662954251219448,0.6047023186808385,0.7438471025051834,0.7390806145217407,0.810761260734282,0.40093495738866536,0.1755350737100988,0.4997479198146495,0.4442000021614525,0.2987304554360011,0.4277006206803049,0.1709519121875579,0.1141207093080494,0.3582198919985833,0.35601997446776357,0.3760025587060424,0.3721527030271079,0.38351894360300964,0.3718777133357555,0.3775608336237063,0.37114440749214883,0.35702827000272264,0.3823273216071489,0.3539117201673947,0.2996470877405092,0.5742701261711662,0.29607222175292724,0.25381547251509917,0.2762729639755501,0.27654795366690255,0.28131444165034525,0.3595948404553455,0.2655483660128042,0.622530814624859,0.4502497753712066,0.5702369277821324,0.387368799281944,0.6707915078358797,0.3948851841789113,0.6692332329182158,0.6395343462521501,0.3116549275527394,0.5056140924058761,0.5152387797073745,0.5821531639899367,0.5420046690524776,0.5722535351012481,0.4288005794457147,0.35986983014669804,0.17361014587063162,0.4882900160082969,0.4221549915966759,0.44584994030956726,0.4697740434572313,0.47554882697563294,0.491314902613174,0.49204820845678054
EVE_ensemble,0.6231266280014532,0.7233603716616086,0.6702415284531749,0.6989779524641228,0.8855584567821512,1.0,0.24918647622310974,0.39997249598969165,0.5639580145772936,0.5966817877107613,0.5362757190974412,0.5617580970557159,0.6074063856284524,0.27567715602055354,0.2860351010179818,0.28832668176962517,0.371373568209182,0.4219716712054683,0.4548787707990676,0.506485169326077,0.4685365920788622,0.4573536780108425,0.46697831716774474,0.46202850274419505,0.4914523995952963,0.4832943721194458,0.4659700216370216,0.4690865714592567,0.45882028969189426,0.6401301587619201,0.48769420716260115,0.3962601174175385,0.4485540079245318,0.3393372665257143,0.48100279136780233,0.4483706814644003,0.4510289151363067,0.6181309835461435,0.5869654853237933,0.6262890110219941,0.772858515897106,0.7713002409859885,0.8583803095484378,0.409597135146594,0.1826389775038315,0.5116183102097582,0.4550620972591991,0.3040927573409318,0.4343462072643427,0.16980612529462846,0.114716524025121,0.36587377440523783,0.3606489702914909,0.38090654413601854,0.3781566472340465,0.3922727846641698,0.3781566472340465,0.3847563997987795,0.37916494276476964,0.3641321730339889,0.38933956130206626,0.35863237923004476,0.30546770579191784,0.5876987911643192,0.3018928398193541,0.2578028261577351,0.28805169207942793,0.2819102556650236,0.28401850995653555,0.36275722458300286,0.269627382836215,0.6421925799352238,0.45781199416117113,0.581190691272959,0.39493101833607624,0.692286536669324,0.40235573997140084,0.690544935298075,0.6608460487567765,0.3157339588127587,0.5204178029971694,0.5254593104247292,0.5997066743029306,0.5590998633838096,0.586323842713333,0.4378294100068407,0.36669874347582954,0.17237269573646907,0.49933543738094954,0.4268756516062475,0.45469544433893616,0.4825610662789199,0.48705256455214097,0.5038269356541707,0.5085017603875233
Unirep,0.3269627219324156,0.27604380285802965,0.2466657310454965,0.23855354144614493,0.24034096806467753,0.24918647622310974,1.0,0.18575552048466415,0.2611026962317773,0.2577111566908489,0.26944405023784457,0.2818185864006917,0.2813602702465121,0.6008066297096377,0.5923736124727346,0.5598331655259887,0.486869233780609,0.38668132247696585,0.30088453841455964,0.28301020840155844,0.27714376162806054,0.2369036032910986,0.2458865999130172,0.24047846929369887,0.2920848682543129,0.2472615483755558,0.2541362906882486,0.2458865999130172,0.25331132161072545,0.2920848682543129,0.1976717404933317,0.14464451114699883,0.3490077346034093,0.2610568584076498,0.3186672051967251,0.24698655868304809,0.23809522529196536,0.354049212299384,0.30610934257220623,0.32911681351201816,0.31426737011660166,0.29391813287103097,0.29025160363759483,0.4695448831526232,0.5693661415329228,0.3348915970546801,0.4433291991335546,0.27778540424391185,0.2920848682543129,0.17209769909011452,0.10316694950151462,0.3843897417060683,0.34919106106508113,0.3817315080118271,0.3710069100040263,0.3831064564743656,0.36807368661727735,0.40281405110408497,0.3747651024682983,0.37815664200922683,0.3940143809438382,0.41564690342111155,0.48182775608463435,0.3917228001729406,0.44525412698110856,0.40043080710235146,0.37806497877839096,0.38182317124266296,0.3479077758333785,0.3586323738411793,0.3320500368987671,0.2969888451972301,0.35157430506681464,0.2534029472034488,0.4150969240360961,0.36468214707634894,0.40253906141157725,0.35954900614953833,0.3054676999563549,0.34845770047484714,0.375406283266425,0.3333329076242495,0.26605251069691616,0.2452449572971659,0.26440257254186983,0.22242081281902581,0.23149547267178028,0.24423666175797099,0.2162793763530202,0.3882854238768779,0.3833814461668733,0.37806497877839096,0.3640405044604976,0.36119894430458455,0.32884182381951044
Unirep_evotune,0.3199046616701404,0.37687336201312616,0.3551950053937062,0.37769833108371786,0.39030202265637026,0.39997249598969165,0.18575552048466415,1.0,0.5038269356541707,0.5296759665327082,0.46945322437951964,0.5338008118856663,0.5484669286961841,0.2100462832934865,0.23928685368445635,0.2688940769956891,0.2952014240245554,0.3334249909619673,0.3615656025921483,0.5247261521091584,0.5619414235158473,0.6445299938050755,0.6199642481474583,0.5931985849682633,0.5411338702909252,0.6070397327081895,0.5931069217381976,0.6312388254455438,0.5728493478936699,0.4552454237193305,0.5581832310831522,0.4736238858680961,0.41738850970218155,0.2601402354162058,0.5251844682594872,0.6158394027945001,0.5748659389551161,0.493285664196611,0.5840322619616898,0.49676886693910893,0.48952747176391587,0.5283010180817223,0.4709198360605714,0.3639488465738574,0.11169163743295174,0.4310463309819762,0.38750629670075154,0.24991978837208173,0.38319812488766203,0.16448965795081572,0.09785048969302557,0.3302167779096665,0.3198588329122384,0.33626655109400516,0.33800815246525406,0.32123378136322445,0.3315917263606526,0.337366509854794,0.33140839990052107,0.33626655109400516,0.3457995270208417,0.3198588329122384,0.26339428319174496,0.4375544203166435,0.26486089487279674,0.27494385018002765,0.3232503724246706,0.32132544459329015,0.32618359578677414,0.34616617994110466,0.33205004251098125,0.43934185094755906,0.36092395998168814,0.33351663739235815,0.3232503724246706,0.4085888396158709,0.32050047552269856,0.40583894271389875,0.42068838598454805,0.32040878374250403,0.34460766273504617,0.4235297669038287,0.4617535130539978,0.5228928875078438,0.5063018428659456,0.5717493891328811,0.4510289151363067,0.15037352052069242,0.4002474856798889,0.399651672162354,0.44387918319117925,0.4667949907076133,0.46706998039781045,0.47696960924490994,0.43737109385651196
MSA_Transformer_single,0.47472385790157556,0.5220679184372521,0.4916815555349773,0.5040102621143021,0.5506210127148545,0.5639580145772936,0.2611026962317773,0.5038269356541707,1.0,0.8735047425092842,0.6011732859839823,0.6271139800925857,0.6686374233123641,0.27916035876305156,0.29080158898140007,0.314084049418097,0.37485677095168,0.4293047296107272,0.4641367570357069,0.6062147636375979,0.5653329630282795,0.5898070454558311,0.6074980488585182,0.6039231828859544,0.575599244795642,0.603739856425823,0.5931069217381976,0.5906320145264228,0.5907236777564884,0.5882487705447136,0.6091479869997014,0.4936064706100648,0.5302259459131027,0.3322791977810011,0.5550666812609171,0.5843072516518869,0.6040148461160202,0.5944818701891836,0.6329804268167928,0.6159310660245658,0.6179476570860121,0.6428800556638923,0.6261973477919283,0.4117970526681717,0.18208899812343704,0.5295843033026425,0.47440303880306933,0.30647600132264086,0.45212887389709555,0.15578165109457076,0.11535816663558118,0.3732068328104967,0.37513176064187725,0.3864980011700285,0.3840230939582536,0.3895228877621978,0.3789816163046381,0.3953893344864049,0.3789816163046381,0.3789816163046381,0.3980475681583112,0.3582657263097818,0.318575547691318,0.5611164544452557,0.31151747897625637,0.2983179738467904,0.3274668810076945,0.3257252796364455,0.3275585442377602,0.3771483517033234,0.3168339463200691,0.5774783392369449,0.4260048533283607,0.4504789219044405,0.41234703204856604,0.5459920214844092,0.41665520386165567,0.547825286085724,0.567624543779923,0.34176631724506623,0.5122597725053399,0.5650578381234961,0.6298638769945577,0.677345430168609,0.6404051484521174,0.5649663101080167,0.484944310260629,0.18282230396396293,0.5126266057404814,0.4227508062359606,0.4714698154409658,0.4909024202149018,0.49191071574562495,0.5107933411391665,0.5008937122920671
MSA_Transformer_ensemble,0.4945231156789527,0.5519501314386821,0.5239470126536659,0.5389339527693475,0.5828864698335432,0.5966817877107613,0.2577111566908489,0.5296759665327082,0.8735047425092842,1.0,0.6248223993409423,0.6686374233123641,0.7184105572380588,0.291168241901663,0.3098675408350732,0.3297584617593379,0.4029057193517952,0.46111187044353763,0.5013520284423958,0.638480220620737,0.5953068392597752,0.6251890522612051,0.6365552927893565,0.6368302824795538,0.6055731210271377,0.6357303237187648,0.622164165669036,0.6241807567304821,0.6162060557147631,0.6194142687670638,0.6369219457096194,0.5167056052659185,0.5634996984269649,0.348686916031698,0.5876987911643192,0.6109812516010161,0.6180393203160778,0.6328887635867271,0.6652458837999319,0.6400384955318544,0.658921120925396,0.6851368047241966,0.6621293339776968,0.4303130251414503,0.17998074383192508,0.552316784358945,0.49695219339924046,0.32141710782335586,0.4716531419010973,0.16696456516259062,0.12562444840294362,0.3969476093975224,0.40006415921975746,0.40895549253613384,0.4088638293060681,0.41482193926034094,0.4037306884223869,0.41720518324205,0.40492231041324145,0.4044639942629128,0.4234382828865201,0.3847563997987795,0.33608322463387363,0.6052981313369405,0.3376414995449911,0.30794261300369263,0.33965809060643737,0.3325083586613099,0.33864979507571424,0.39236444789423564,0.32361702534493353,0.6115770609646499,0.445345794872231,0.4794445033353324,0.439112695227761,0.5805490592191918,0.43984600106828686,0.5819240076701777,0.6059397739474006,0.3578073831804671,0.5324256905750309,0.5909068770379691,0.6656125367201948,0.7102525297622082,0.6814702755215671,0.5918236365172773,0.5019020078227903,0.18300563042409446,0.5488335816164471,0.46143268948620664,0.5017186813626587,0.5161098084829793,0.5189513686150171,0.5404005644503993,0.5189513686150171
ESM1b,0.4650992187042394,0.508226770697326,0.48297354864214936,0.49264402158615084,0.5239470126536659,0.5362757190974412,0.26944405023784457,0.46945322437951964,0.6011732859839823,0.6248223993409423,1.0,0.6341720488076473,0.6793620212300553,0.31463402879849145,0.33782482600512265,0.37109857851898487,0.46111187044353763,0.47953617968675055,0.503368619503842,0.5621247499759787,0.603739856425823,0.555799987101443,0.5662495953289369,0.5633163719668334,0.6019065918245082,0.5768825300165623,0.5704661039119607,0.5667079114792656,0.5281176916215907,0.5507585094478276,0.5612997809053872,0.44933312918634516,0.539117279229479,0.36857783703952596,0.6011732859839823,0.5492918977667758,0.5317842208242202,0.618680962926538,0.5938402275787235,0.5720243788230783,0.6198725849173925,0.6128145162023309,0.5896237189956997,0.44892066084479476,0.20472981594967388,0.5989733684624047,0.5202346538359375,0.3316833895907183,0.49438562295739985,0.17154772666587736,0.11975800167873651,0.4234382828865201,0.41500526572047236,0.4301296986813189,0.43214628974276503,0.45057059898597795,0.43077134129177896,0.44800402854413734,0.4395710113780896,0.4369127777061833,0.451945547436964,0.4202300698342194,0.35863237923004476,0.5647829836478852,0.3409413758273576,0.3083092659239556,0.3482744342326165,0.34121636551755485,0.351574310514983,0.416196887711327,0.3381914789253856,0.5627205591343629,0.4700948669899798,0.4589119392830546,0.4518538842068983,0.5568999458622319,0.4673449700880077,0.5605664750648613,0.5552500077210486,0.36477378895812684,0.5543332106598313,0.6325219964250992,0.661762681057434,0.6282139388533745,0.6159310660245658,0.5444337465732918,0.47467802849326657,0.21032127298368375,0.5038269356541707,0.4759154798974362,0.48026948552727644,0.49099408344496764,0.5044685782646308,0.5052018841051567,0.47366973296254344
ESM1v_single,0.4463082564618214,0.5024519872031846,0.4917732187654281,0.5071268119365371,0.5435629439701415,0.5617580970557159,0.2818185864006917,0.5338008118856663,0.6271139800925857,0.6686374233123641,0.6341720488076473,1.0,0.8118153886750439,0.3017095133592226,0.32288371950440764,0.3522159531254432,0.41427195987994647,0.46514505256643,0.49759383600970064,0.5920986262074746,0.622164165669036,0.6304138563749522,0.6267473271723227,0.6223474921291674,0.623172461199759,0.6369219457096194,0.6268389904023884,0.6275722962429143,0.592281952667606,0.5747742757250504,0.599523347842799,0.4714239682818243,0.5421421658216483,0.3482285998794439,0.6277556227030459,0.6125395265121336,0.5836656090414267,0.6348136914181075,0.641963423363235,0.5917319732872115,0.6510380831397428,0.6578211621646073,0.6153810866441715,0.4567120354003823,0.20564644825033118,0.572482694973407,0.5191346950751485,0.32279205627434193,0.47696960924490994,0.19281359604112813,0.1263577542434695,0.40483064718317574,0.38750629670075154,0.41143039974790874,0.41225536881850033,0.41234703204856604,0.412713684968829,0.41583023479106407,0.41088042036751427,0.41418029664988076,0.42646316947868945,0.4039140148825183,0.34451624179992135,0.6251890522612051,0.36284888781306857,0.317567252160595,0.3556991558679412,0.338374805385517,0.35276593250583765,0.41647187740152414,0.3440579256495927,0.5718868821794448,0.46789494946840215,0.4837526752570157,0.43553782925519724,0.5634996984269649,0.4377377467767749,0.559283189843941,0.5714743994426839,0.36284886104587877,0.5411337006505792,0.6036480699780816,0.6701040349934159,0.685686784104591,0.6658875264103921,0.5952151760297095,0.486685911631878,0.1908886682097477,0.546083684714475,0.4740822152884199,0.5085934236175889,0.5358174029471126,0.5498418771471701,0.5514918152883534,0.5219762552071864
ESM1v_ensemble,0.486731741090633,0.5535084063497996,0.5438379336614939,0.5633163719668334,0.5907695076523138,0.6074063856284524,0.2813602702465121,0.5484669286961841,0.6686374233123641,0.7184105572380588,0.6793620212300553,0.8118153886750439,1.0,0.30885924530435005,0.33470827618288757,0.3598240012208993,0.4425042347401932,0.4958522346384516,0.5356340764869811,0.6250057258010737,0.6512214095998743,0.6524130315907288,0.6518630522103344,0.6470965642469162,0.6611210384469737,0.668362433622167,0.6514963992900715,0.6583711415450016,0.6205142275278527,0.6260140213317968,0.6463632584063903,0.5069893025932182,0.5801824062989288,0.38333561714210795,0.6590127841554618,0.6329804268167928,0.6188642893866694,0.6850451414941309,0.6837618562732106,0.6456299525658644,0.7028278081268837,0.7097025503818138,0.670745677603876,0.47935285322661914,0.20307987780849057,0.6113479045212791,0.5454420421040148,0.33699985693453105,0.5070351487064715,0.19143864759014217,0.1302992731362962,0.43636279832578895,0.42472156810744044,0.44048764367874704,0.4461707639428226,0.4467207433232171,0.44122094951927293,0.45222053712716126,0.43801273646697214,0.4382877261571694,0.4591869426121572,0.42462990487737473,0.35524083971761244,0.6653375470299976,0.3706402623686561,0.3343416232626246,0.3798065853752297,0.36284888781306857,0.3657821111751721,0.43902103199769527,0.3546908603372181,0.6300013702852647,0.49356065388680825,0.5325175148811754,0.46294513504485235,0.6041065093460859,0.4698198772997826,0.605114804876809,0.6305055196050179,0.3746734182211171,0.5842154347085551,0.6596543209594397,0.722168749670754,0.7337183166590366,0.7280351963949611,0.6147394440337113,0.508226770697326,0.1949218503326401,0.5857738633329387,0.5005728888887069,0.5306842620634313,0.5595581795341382,0.5765158770962994,0.5895320557656338,0.5576332517027578
ESM2_8M,0.40982629074239496,0.32288371950440764,0.28855583685596,0.27824372646239415,0.26857325261768117,0.27567715602055354,0.6008066297096377,0.2100462832934865,0.27916035876305156,0.291168241901663,0.31463402879849145,0.3017095133592226,0.30885924530435005,1.0,0.7817498492134825,0.7097025503818138,0.6184059732363407,0.48118611782793386,0.3723818637399051,0.32297538273447335,0.3125257745069795,0.24240340350669143,0.26256931412115336,0.2570695203172092,0.32306704596453917,0.2570695203172092,0.28053530721403763,0.263027630271482,0.26000274367931275,0.333516654192033,0.22443741041380716,0.16673538258318288,0.3987808739988371,0.29020577500407474,0.3521242898953775,0.24093679182563965,0.25092808390280485,0.4003391489099546,0.3260002693266427,0.3681653551568813,0.35276593250583765,0.3183922212311866,0.3193088535318439,0.6114395677513448,0.6439800144246811,0.4096887983766597,0.5635913616570305,0.31142581574619066,0.34763279162215643,0.1717310531260089,0.12067463397939393,0.4733030800422805,0.443604193500982,0.4625784821245894,0.4533204958879501,0.4684449288487965,0.4642284202657727,0.49429395972733414,0.4640450938056412,0.4624868188945237,0.4880608600828641,0.5215179390568577,0.5998900007630621,0.4508455886761752,0.4864109219416808,0.48531096318089195,0.46294513504485235,0.45377881203827874,0.41152206297797445,0.4452541316421653,0.3839314307281879,0.3418121737478864,0.4320546265126993,0.29510974302671344,0.5092350662280491,0.4336129014238168,0.4875108807024696,0.4268298223989524,0.35753242046925593,0.39373937087576494,0.43544595731260827,0.3921809324756381,0.298776289997119,0.2670608123943744,0.29914294291738197,0.24350336226748026,0.26742746531463735,0.26000274367931275,0.23626196709228708,0.4321004557419442,0.4400293275284184,0.41894678461329904,0.3948393551060104,0.36019065414116225,0.3216920975135531
ESM2_35M,0.40524312921985395,0.3297584617593379,0.29845546574464854,0.2895183037604797,0.2812227784198944,0.2860351010179818,0.5923736124727346,0.23928685368445635,0.29080158898140007,0.3098675408350732,0.33782482600512265,0.32288371950440764,0.33470827618288757,0.7817498492134825,1.0,0.7656171207219129,0.6542462961920436,0.5097850456084435,0.3886062554615404,0.35056601498426,0.33278334835150714,0.2719189635878584,0.28401850995653555,0.2752188398702249,0.3434162830391325,0.27989366460357745,0.2950180975644239,0.2870433965487048,0.2787937058427886,0.3466244960914333,0.2489114928413586,0.19010950693732054,0.416196887711327,0.29350565130030426,0.3662404273255008,0.2688940769956891,0.2804436439839718,0.41748017293224726,0.3500160356038655,0.38906457161186914,0.36523213179477776,0.3331500012717701,0.3326916851214414,0.6134561588127909,0.6031898770454285,0.4353545027950658,0.592281952667606,0.3060176851723122,0.36193225551241126,0.1874971286973155,0.1263577542434695,0.49530225525805716,0.46377010411544395,0.4905357672946389,0.4765112930945813,0.4913607363652306,0.4871442277822067,0.517576420164031,0.4890691556135871,0.4955772449482544,0.5136349012712045,0.547458633165461,0.6194142687670638,0.467253306857942,0.49841880508029224,0.4865025851717465,0.46551170548669296,0.45552041340952776,0.4143636231100123,0.456803698630448,0.3947476918759447,0.3521701187888291,0.4468124065532828,0.2919931931259213,0.5313259046738914,0.45377881203827874,0.5075851280868658,0.4449791419519681,0.3714652314392478,0.41023875298074874,0.45423692642300206,0.41830496116579696,0.3199504961423041,0.291168241901663,0.31555066109914875,0.2703606886767409,0.26761079177476876,0.25844446876819516,0.24936980899168737,0.45969108810764103,0.4598285852226174,0.450203946065715,0.41803015231264173,0.37522342387194296,0.33617488786393934
ESM2_150M,0.389935369734567,0.32856683976848333,0.2794811770413288,0.2746688604898305,0.28085612549809114,0.28832668176962517,0.5598331655259887,0.2688940769956891,0.314084049418097,0.3297584617593379,0.37109857851898487,0.3522159531254432,0.3598240012208993,0.7097025503818138,0.7656171207219129,1.0,0.6932948322000472,0.5426921452020428,0.4084971763858052,0.36752371254642113,0.3489160768430767,0.2986846267670533,0.30876758207428434,0.3010678707487625,0.3598240012208993,0.31234244804684796,0.3110591628259277,0.31784224185079213,0.29162655805199167,0.3583573895398475,0.27751042062186826,0.21055040784309587,0.4335212381937511,0.30322195372809124,0.37265685343010235,0.3000595752180394,0.2935514858833721,0.4202300698342194,0.37174022112944494,0.38668132763015994,0.36926531391767015,0.3482744342326165,0.3347999394129534,0.5917319732872115,0.5468169905550009,0.46294513504485235,0.5974150935512872,0.30638433809257515,0.3869563173203572,0.192538606350931,0.12809935561471852,0.5286676710019851,0.4865025851717465,0.5091434029979833,0.4946606126475971,0.5095100559182463,0.5115266469796924,0.5385672998490847,0.5107016779091009,0.5220679184372521,0.5354507500268496,0.58531554718261,0.6319721312860697,0.48943580853385005,0.4999770799914097,0.4698198772997826,0.4648700628762328,0.4508455886761752,0.4270131488590838,0.463403451195181,0.4105137674472513,0.3554699950850586,0.44873733438466323,0.2978596399980007,0.554425038650457,0.46606168486708743,0.5247261521091584,0.4548787707990676,0.36092395998168814,0.4301296747406458,0.47220292615781756,0.44562061221726124,0.34387459918946117,0.3117924686664536,0.3200421593723698,0.2974930047761988,0.2895183037604797,0.2528530117341853,0.25743617323747214,0.46189100563846075,0.4690865714592567,0.45643704571018506,0.44222924504999606,0.3978642416981798,0.3389247847659115
ESM2_650M,0.4279756103716573,0.40492231041324145,0.3812273628417391,0.37604839294253456,0.36161143152526365,0.371373568209182,0.486869233780609,0.2952014240245554,0.37485677095168,0.4029057193517952,0.46111187044353763,0.41427195987994647,0.4425042347401932,0.6184059732363407,0.6542462961920436,0.6932948322000472,1.0,0.667262474861378,0.5097850456084435,0.4063889220942932,0.3919977949739727,0.32884182945868046,0.3492827297633396,0.3364498775541366,0.423804935806783,0.3508410046744571,0.3604656438313595,0.3598240012208993,0.32609193255670843,0.4360878086355917,0.34699114901169625,0.2743480178449774,0.5160181452529136,0.3565699538504685,0.42334661965645437,0.3194005167619097,0.32865850299854904,0.4907190937547704,0.41399697018974935,0.4486456711545975,0.45625371925005365,0.41729684647211585,0.4184884684629704,0.5416838496713197,0.46056189106314327,0.5340758015758635,0.5365507087876384,0.34497455795025,0.45552041340952776,0.15898986414687155,0.13075758928662484,0.6349053546481732,0.598515052312076,0.6280306123932431,0.6166643718650917,0.6503964405292826,0.6137311485029882,0.6588294576953304,0.636005313408962,0.6298638769945577,0.6658875264103921,0.5878821176244506,0.563774688117162,0.5550666812609171,0.5021769975129874,0.42279664027606,0.449195650534992,0.43150464713230485,0.4053806265635701,0.47385305942267497,0.366515417015698,0.4532746619760837,0.4908107569848361,0.4012557661183995,0.7116274782131944,0.5886154234649765,0.6952197600314276,0.583573945811361,0.4584536367716313,0.4237132483664854,0.5582747310098164,0.5214261270480028,0.4318713000525678,0.388056276081146,0.4071222279348191,0.3326000218913757,0.3249003105658539,0.23204545850926317,0.30812593946382416,0.44209174786108363,0.46056189106314327,0.44479581549183667,0.445345794872231,0.4121637055884346,0.39181446851384116
ESM2_3B,0.4020349161540753,0.42820477084993835,0.41367614642132944,0.4136303172694864,0.4081763525942802,0.4219716712054683,0.38668132247696585,0.3334249909619673,0.4293047296107272,0.46111187044353763,0.47953617968675055,0.46514505256643,0.4958522346384516,0.48118611782793386,0.5097850456084435,0.5426921452020428,0.667262474861378,1.0,0.5952151760297095,0.4111554100577115,0.4326046058930937,0.37934826922490106,0.3952976712563392,0.39511434479620766,0.45542875017946205,0.40923048222633107,0.41665520386165567,0.39593931386679926,0.36853200807714426,0.4631284615049839,0.39098949944324957,0.31367154469958547,0.5559833135615745,0.33209587132009954,0.4581786470814341,0.3772400149333891,0.383564777807925,0.5032769562737762,0.4524038635872927,0.4656950319468245,0.5008020490620013,0.47880287384622466,0.4750446814135295,0.44085429659901,0.35349923834636354,0.45387047526834445,0.4349878498748029,0.30473439995139195,0.3960309770968651,0.11572481955584413,0.10124202920545788,0.5208762964463975,0.5019020078227903,0.5063018428659456,0.5020853342829217,0.5279343651614592,0.5066684957862084,0.5250928050294215,0.5146431968019275,0.5201429906058717,0.5365507087876384,0.49117740990509906,0.45469544433893616,0.5171181040137024,0.4369127777061833,0.3450662211803158,0.36954030360786727,0.36174892905227973,0.3523076163555089,0.4095054719165282,0.3209587916730272,0.4717906345271493,0.4369127777061833,0.3986891956118648,0.5497502139171044,0.5504835197576303,0.5459003582543436,0.547825286085724,0.46789494946840215,0.36193222870671304,0.4762361097717558,0.49401881273797654,0.4997020903012125,0.45038727252584654,0.4524955268173585,0.38347311457785915,0.35606580878820415,0.20848800838236903,0.35762408369932164,0.3929602563394441,0.41757183616231297,0.41491360249040665,0.42563820040809774,0.39988083275962594,0.391172825903381
ESM2_15B,0.3889270741996079,0.43801273646697214,0.43145881312878853,0.43627113509572313,0.4370502701862885,0.4548787707990676,0.30088453841455964,0.3615656025921483,0.4641367570357069,0.5013520284423958,0.503368619503842,0.49759383600970064,0.5356340764869811,0.3723818637399051,0.3886062554615404,0.4084971763858052,0.5097850456084435,0.5952151760297095,1.0,0.44048764367874704,0.46606168486708743,0.4094138086864625,0.4254548739479663,0.430404688371516,0.4774279253952387,0.4376460835467092,0.4395710113780896,0.4243549151871775,0.40483064718317574,0.45460378110887034,0.4336129014238168,0.34740361435575273,0.48952747176391587,0.2918557131521895,0.4674366333180734,0.40556395302370163,0.41656354063158996,0.509601719148312,0.4725697742017546,0.4740363858828064,0.5168431143235052,0.5062101796358798,0.49502726556786003,0.37339015927062824,0.24203675058642848,0.40556395302370163,0.3877812863909488,0.277968736772197,0.3499243723737998,0.11746642092709314,0.09519225602111925,0.43993766429835257,0.42637150624862363,0.43572115571532877,0.43709610416631484,0.4601035749128145,0.43315458527348816,0.4428708876604561,0.44048764367874704,0.4410376230591414,0.45891195292195996,0.4183968052329047,0.3755900767922059,0.4733030800422805,0.3499243723737998,0.2893349773003483,0.3165589566298719,0.317567252160595,0.32453365764559094,0.36954030360786727,0.2787937058427886,0.46445757609108373,0.39841422107857416,0.40043079702701334,0.46047022783307745,0.5062101796358798,0.45625371925005365,0.5009853755221328,0.4757779872540554,0.3040927281053535,0.41014689646154157,0.453320325936466,0.5334341589654035,0.4920940422057565,0.5008937122920671,0.4159218980211298,0.3798065853752297,0.17805581600054465,0.4027223928916638,0.3765525380887472,0.39502268156614195,0.3986892107687714,0.402997382581861,0.3971309358576539,0.38833126577134325
Wavenet,0.4871900572428871,0.4929190112763481,0.4568495279636656,0.46807827592853357,0.4893899747737068,0.506485169326077,0.28301020840155844,0.5247261521091584,0.6062147636375979,0.638480220620737,0.5621247499759787,0.5920986262074746,0.6250057258010737,0.32297538273447335,0.35056601498426,0.36752371254642113,0.4063889220942932,0.4111554100577115,0.44048764367874704,1.0,0.5974150935512872,0.6118062206716077,0.6172143512454862,0.6145561175735799,0.5866904956335961,0.620422564297787,0.6199642481474583,0.6257390316415996,0.5950318495695781,0.550575182987696,0.5842155884218212,0.4927815015152128,0.5181263995444254,0.3224712321227634,0.570741093602158,0.6068564062480579,0.5893487293055024,0.6063980900977293,0.641963423363235,0.594665196649315,0.5845822413420841,0.6079563650088469,0.5664329217890685,0.4515788945167011,0.2007882970568472,0.5330675060451404,0.5151015129522563,0.3040927573409318,0.43892936876762956,0.21756266815887693,0.1262660910134038,0.4087721660760023,0.40840551315573936,0.4138136437296178,0.41757183616231297,0.41913011107343057,0.41473027603027524,0.4225216505858628,0.42059672275448234,0.432512942663028,0.43379622788394834,0.39328108019489294,0.3648654788745148,0.5557083238713773,0.32123378136322445,0.32462532087565665,0.3641321730339889,0.35432420741695514,0.3521242898953775,0.39401438603541883,0.3591823586104391,0.5457628615009611,0.42279664027606,0.41491358774245934,0.42325495642638866,0.5220679184372521,0.4345295337244742,0.5264677534804074,0.5466336640948695,0.3742151020515343,0.5140013745204497,0.5617579608152656,0.5698244613015007,0.6091479869997014,0.5920069629774087,0.5697327980714348,0.47944451645668484,0.17943076445153072,0.48521929995082624,0.44933314306669836,0.4784362209259617,0.48531096318089195,0.48531096318089195,0.5051102208750909,0.47366973296254344
RITA_s,0.4127595141168212,0.4376460835467092,0.4231174591577639,0.43654612478592036,0.4572161808854689,0.4685365920788622,0.27714376162806054,0.5619414235158473,0.5653329630282795,0.5953068392597752,0.603739856425823,0.622164165669036,0.6512214095998743,0.3125257745069795,0.33278334835150714,0.3489160768430767,0.3919977949739727,0.4326046058930937,0.46606168486708743,0.5974150935512872,1.0,0.6878867016261687,0.683945182733342,0.6596544267659219,0.771850220366383,0.6872450590157085,0.6762454714078202,0.6896283029974177,0.6096979663800959,0.5431504613523714,0.5617580970557159,0.45987440095389753,0.5264677534804074,0.3815023525330915,0.7699252925350024,0.6560795607933583,0.5961318083303668,0.689169986847089,0.6516797257502029,0.5661579320988712,0.6314221519056753,0.6044731622663488,0.54296713489224,0.4617535130539978,0.18951371975876163,0.5602914853746641,0.5105183514489694,0.33388330711229597,0.49172738928549353,0.19895503245553248,0.12177459274018276,0.40327237227205814,0.39071450975305233,0.4038223516524526,0.40822218669560795,0.4052889633335044,0.41005545129692267,0.41399697018974935,0.4071222279348191,0.41482193926034094,0.4217883447453369,0.386314674709897,0.3389247847659115,0.565882942408674,0.3332416645018358,0.32609193255670843,0.3712819049791163,0.36944864037780156,0.3589990321503077,0.41583023479106407,0.37329849604056253,0.5454878718096087,0.45313716942781856,0.42334660512107347,0.4235299461165859,0.5026353136633162,0.4260965165584265,0.5007103858319356,0.5445254098033574,0.39126446356001743,0.4786193546345374,0.5828405102845166,0.6041065093460859,0.5986067155421417,0.5799990798387973,0.6479215333175077,0.5399422483000706,0.20537145856013406,0.46936156114945393,0.5441129233528463,0.5448920627236205,0.5564416297119031,0.569366145151172,0.5415921864412538,0.5125349425104155
RITA_m,0.3825106480680506,0.42728813854928105,0.4010266206191162,0.41894678461329904,0.44346669631784597,0.4573536780108425,0.2369036032910986,0.6445299938050755,0.5898070454558311,0.6251890522612051,0.555799987101443,0.6304138563749522,0.6524130315907288,0.24240340350669143,0.2719189635878584,0.2986846267670533,0.32884182945868046,0.37934826922490106,0.4094138086864625,0.6118062206716077,0.6878867016261687,1.0,0.7919244677507791,0.7590173681571799,0.6604793958365136,0.7731335055873032,0.7418763441348872,0.7752417598788152,0.7073193064001047,0.5389339527693475,0.6093313134598328,0.49846462194641494,0.5154681658725191,0.3142215413821896,0.6394885161514601,0.7699252925350024,0.687061732555577,0.6019982550545739,0.7132774163543776,0.5936569011185919,0.5861405162532016,0.6320637945161354,0.5468169905550009,0.38585635855956835,0.1427654724252363,0.5061185164058141,0.4559787295598564,0.28136027628462923,0.4283880973100699,0.18621384347639514,0.1138915549545294,0.35047435175419417,0.33938310091624013,0.3640405098039231,0.36019065414116225,0.353315911886232,0.3563407984784013,0.36266556135293715,0.3539575544966922,0.3631238775032658,0.3707319255987219,0.3513909840548516,0.29575140340494976,0.5415005232111882,0.3067509910128381,0.30262614565988,0.34433291533978994,0.3417663448979493,0.34433291533978994,0.3848480630288452,0.3638571833437917,0.5220220848141988,0.40253906643153226,0.39612262510533014,0.37009028298826174,0.460653554293209,0.3699069565281302,0.46303679827491806,0.5056602002554853,0.3413080010754834,0.43159610022657635,0.5188595558082679,0.5652412997982138,0.6152894234141058,0.5879737808545163,0.6776204198588063,0.5536000695798653,0.17576423524890128,0.49456894941753127,0.4804069781895264,0.5301342826830369,0.5645079939576879,0.572116042053144,0.586323842713333,0.542600481971977
RITA_l,0.3980017340142392,0.44232090828006176,0.4135844831908786,0.43150464713230485,0.45620788535050993,0.46697831716774474,0.2458865999130172,0.6199642481474583,0.6074980488585182,0.6365552927893565,0.5662495953289369,0.6267473271723227,0.6518630522103344,0.26256931412115336,0.28401850995653555,0.30876758207428434,0.3492827297633396,0.3952976712563392,0.4254548739479663,0.6172143512454862,0.683945182733342,0.7919244677507791,1.0,0.7871579797873609,0.6557129078730953,0.7750584334186836,0.7541592169636959,0.7821165021337454,0.7362848871008774,0.5421421658216483,0.6160227292546316,0.49846462194641494,0.5277510387013278,0.32668774072350115,0.6483798494678364,0.7594756843075086,0.7206104747596365,0.6189559526167352,0.7202438218393735,0.6233557876598905,0.5997066743029306,0.6368302824795538,0.562399739666176,0.3970392726275881,0.16073146551812056,0.5206929699862661,0.46386176734550977,0.28887666115001953,0.4473623859336773,0.18282230396396293,0.1138915549545294,0.3649571421045805,0.35285759573590336,0.37943993245496677,0.3697236300679988,0.3679820286967498,0.36669874347582954,0.37687336201312616,0.3714652314392478,0.3811815338262158,0.38420642041838504,0.36514046856471194,0.30152618689909116,0.5564416297119031,0.3144507023383599,0.3240753414952622,0.36184059228234544,0.3545991971071524,0.3558824823280726,0.39328108019489294,0.3787982898445067,0.5268802360280922,0.40758054408514777,0.4029973675335481,0.3853063791791739,0.47788624154556736,0.3886062554615404,0.4798111693769478,0.5212429493666605,0.34754110098181057,0.4437873143323441,0.5237177085120519,0.5750492654152476,0.6348136914181075,0.6034648667356257,0.6782620624692663,0.5601081589145326,0.1775058366201503,0.5034602827339076,0.47554882697563294,0.5221595816673179,0.5520417946687478,0.5698244613015007,0.5845822413420841,0.5601998221445983
RITA_xl,0.39314358280034567,0.4318713000525678,0.40826801582473105,0.4267381591688866,0.4513497341366165,0.46202850274419505,0.24047846929369887,0.5931985849682633,0.6039231828859544,0.6368302824795538,0.5633163719668334,0.6223474921291674,0.6470965642469162,0.2570695203172092,0.2752188398702249,0.3010678707487625,0.3364498775541366,0.39511434479620766,0.430404688371516,0.6145561175735799,0.6596544267659219,0.7590173681571799,0.7871579797873609,1.0,0.6382052309305397,0.7601173269179687,0.7454512101074509,0.7532425846630385,0.7473761379388314,0.5267427431706047,0.6070397327081895,0.48938996190304385,0.5226178978176466,0.30954671662919775,0.6279389491631773,0.7321600417479193,0.6996195950745829,0.5974150935512872,0.6977863304732681,0.606123100407532,0.5860488530231359,0.6261973477919283,0.5515834785184192,0.3839314307281879,0.15733992600568836,0.5048352311848938,0.4426875612003247,0.3001512384481051,0.42967138253099013,0.18300563042409446,0.11233328004341192,0.35423254418688943,0.3498327091437341,0.3712819049791163,0.3674320493163554,0.3655987847150407,0.36257389812287133,0.36944864037780156,0.36202391874247697,0.3724735269699708,0.37769833108371786,0.3555158294078097,0.3028094721200114,0.5476419596255925,0.3086759188442185,0.32132544459329015,0.3512993208247859,0.3448828947201843,0.35175763697511453,0.3897062142223292,0.3688069977673414,0.5180805659048134,0.40235573997140084,0.387322954797211,0.37916494276476964,0.47036985668017695,0.3853063791791739,0.47293642712201756,0.5218845919771207,0.3411246746076503,0.4329710491858735,0.5262842797517868,0.5684495128505146,0.6432467085841552,0.6049314784166775,0.6741372171163083,0.5711077465224209,0.1892387300685645,0.5140932174215331,0.4597827513380919,0.4989687844606866,0.5212429493666605,0.5411338702909252,0.5686328393106461,0.5496585506870386
Progen2_small,0.43585864819042786,0.463403451195181,0.44905815337534594,0.46221182920432646,0.47985699880682153,0.4914523995952963,0.2920848682543129,0.5411338702909252,0.575599244795642,0.6055731210271377,0.6019065918245082,0.623172461199759,0.6611210384469737,0.32306704596453917,0.3434162830391325,0.3598240012208993,0.423804935806783,0.45542875017946205,0.4774279253952387,0.5866904956335961,0.771850220366383,0.6604793958365136,0.6557129078730953,0.6382052309305397,1.0,0.6765204610980173,0.6612127016770395,0.6662541793306549,0.5945735334192493,0.5783491416976141,0.5613914441354528,0.4595077480228522,0.5648746468779509,0.4012099470800179,0.772858515897106,0.6282139388533745,0.5801824062989288,0.7170356087870727,0.6466382480965874,0.5824739870505722,0.6610293752169081,0.6191392790768666,0.5657912791786082,0.47687794601484423,0.21187954789480123,0.5795407636884686,0.526284427020276,0.36339886719346304,0.5151015129522563,0.18328062011429158,0.12754937623432405,0.43553782925519724,0.4261881797884922,0.4383793893872351,0.44369585673104783,0.445345794872231,0.44048764367874704,0.4485540079245318,0.43232961620289656,0.4440625096513108,0.45634538248011935,0.41573857156099825,0.36019065414116225,0.5877904543943848,0.35707410431892717,0.33452494972275615,0.36779870223661837,0.37916494276476964,0.3606489702914909,0.43975433783822115,0.35771574692938735,0.5862780093602236,0.48026948552727644,0.4645033964580052,0.4558870663297907,0.5393006056896106,0.4614785233638006,0.5388422895392818,0.5737659801943273,0.4044639692440044,0.514918007159981,0.6028231006510241,0.6233557876598905,0.5968651141708927,0.5920986262074746,0.6434300350442868,0.5202346538359375,0.213346159575853,0.4733030800422805,0.5587790402249776,0.5604748118347955,0.5838489355015583,0.5948485231094466,0.5597415059942696,0.5447087362634889
Progen2_medium,0.39699343847928015,0.4483706814644003,0.43045051759382946,0.45038727252584654,0.46949905376587886,0.4832943721194458,0.2472615483755558,0.6070397327081895,0.603739856425823,0.6357303237187648,0.5768825300165623,0.6369219457096194,0.668362433622167,0.2570695203172092,0.27989366460357745,0.31234244804684796,0.3508410046744571,0.40923048222633107,0.4376460835467092,0.620422564297787,0.6872450590157085,0.7731335055873032,0.7750584334186836,0.7601173269179687,0.6765204610980173,1.0,0.7539758905035644,0.7832164608945342,0.7273935537845009,0.5493835609968415,0.6212475333683786,0.5101975157398644,0.5287593342320509,0.3250378025753864,0.6547046123423722,0.751684309751921,0.6795453476901867,0.6260140213317968,0.7189605366184533,0.6116228942114763,0.6146477808036456,0.6529630109711233,0.5700994509916979,0.39648929324719373,0.15156514251154696,0.5184013892346226,0.46624501132721885,0.305376042561852,0.4448874787219024,0.19400521803198278,0.11554149309571271,0.37595672971246885,0.36761537577648684,0.39007286714259215,0.3830147984275305,0.38099820736608436,0.3795315956850326,0.38512305271904246,0.3828314719673991,0.39502268156614195,0.39648929324719373,0.36954030360786727,0.30235115596968276,0.5609331279851242,0.3177505786207264,0.3152756714089515,0.35514917648754674,0.3506576782143257,0.3465328328613676,0.3910811626733153,0.3757734032523373,0.5403547309043628,0.41069709390738285,0.4175718214813703,0.38988954068246073,0.48595260579135213,0.39575598740666784,0.48952747176391587,0.5275677122411964,0.3461661524730619,0.44626222245907887,0.5391171359504612,0.587423801474122,0.6411384542926433,0.6085980076193069,0.6886200074666946,0.5631330455067018,0.1842889156450147,0.5031852930437105,0.4851734661729691,0.5322425369745488,0.559283189843941,0.5804573959891259,0.5951235127996437,0.5565332929419688
Progen2_base,0.40001832508415724,0.4486456711545975,0.4380585657212476,0.45368714880821304,0.455657905967805,0.4659700216370216,0.2541362906882486,0.5931069217381976,0.5931069217381976,0.622164165669036,0.5704661039119607,0.6268389904023884,0.6514963992900715,0.28053530721403763,0.2950180975644239,0.3110591628259277,0.3604656438313595,0.41665520386165567,0.4395710113780896,0.6199642481474583,0.6762454714078202,0.7418763441348872,0.7541592169636959,0.7454512101074509,0.6612127016770395,0.7539758905035644,1.0,0.7485677599296859,0.7394014369231123,0.5417755129013854,0.6098812928402273,0.49846462194641494,0.5554333341811801,0.3513451497147717,0.6465465848665217,0.7251936362629232,0.6706540143738102,0.6198725849173925,0.7070443167099075,0.6063064268676636,0.5966817877107613,0.6327054371265955,0.5548833548007857,0.3972225990877196,0.17649754108942717,0.5114349837496268,0.4593702690722886,0.3389247847659115,0.4619368395141292,0.2215958502817693,0.12397451026176043,0.3770566884732577,0.37531508710200867,0.38915623484193484,0.3968559461674567,0.39071450975305233,0.3861313482497656,0.3903478568327894,0.388056276081146,0.3954809977164706,0.4020807502812036,0.38933956130206626,0.3227003930442762,0.5623080764361102,0.3273752177776287,0.3257252796364455,0.3606489702914909,0.3624822348928056,0.3597323379908336,0.4111554100577115,0.3724735269699708,0.5353132532295677,0.4203217330642851,0.41903843319939016,0.41069709390738285,0.48769420716260115,0.41729684647211585,0.49365231711687396,0.5235345301183039,0.37476508145503373,0.45002041628115763,0.5455335640497985,0.5727576846636042,0.6272056433226514,0.6074980488585182,0.6709290040640075,0.5644163307276222,0.19235527989079948,0.5285760077719194,0.4670241465437067,0.5213346125967262,0.5530500901994709,0.57908244753814,0.5852238839525443,0.5590082001537438
Progen2_large,0.3997433353928047,0.4419542553597988,0.41330949349952617,0.4301296986813189,0.45730784411591974,0.4690865714592567,0.2458865999130172,0.6312388254455438,0.5906320145264228,0.6241807567304821,0.5667079114792656,0.6275722962429143,0.6583711415450016,0.263027630271482,0.2870433965487048,0.31784224185079213,0.3598240012208993,0.39593931386679926,0.4243549151871775,0.6257390316415996,0.6896283029974177,0.7752417598788152,0.7821165021337454,0.7532425846630385,0.6662541793306549,0.7832164608945342,0.7485677599296859,1.0,0.7188688733883875,0.5422338290517141,0.6092396502297671,0.49498141910148463,0.5279343651614592,0.3383289709907553,0.6516797257502029,0.7525092788225126,0.685320131184328,0.6212475333683786,0.7167606190968756,0.6091479869997014,0.6013566124441139,0.6368302824795538,0.5581832310831522,0.4063889220942932,0.15880653768674013,0.5247261521091584,0.4750446814135295,0.3016178501291569,0.44296255089052194,0.19538016648296874,0.11434987110485806,0.3691736506876043,0.3622989084326742,0.38768962316088307,0.38429808364845086,0.37989824860529553,0.37522342387194296,0.3886062554615404,0.3828314719673991,0.39071450975305233,0.39318941696482723,0.3762317194026661,0.3084009291540214,0.5639580145772936,0.32609193255670843,0.32471698410572236,0.3655071214849749,0.36431549949412034,0.3546908603372181,0.4070305647047534,0.3855813688693711,0.5327466827769447,0.4271048120891495,0.40959712026463735,0.39172280528377545,0.4790778635364219,0.3996975062994945,0.4842110044201031,0.5292176503823796,0.3657820845312092,0.4529536407276581,0.5463585333768561,0.5692744819211062,0.6284889285435717,0.6063064268676636,0.6830285504326847,0.5603831486047298,0.17915577476133349,0.5019936710528559,0.49809798166653474,0.5459003582543436,0.5639580145772936,0.5823823238205065,0.5913653203669487,0.5530500901994709
Progen2_xlarge,0.3978184075533375,0.43627113509572313,0.42018423578333763,0.4376460835467092,0.44887482691444436,0.45882028969189426,0.25331132161072545,0.5728493478936699,0.5907236777564884,0.6162060557147631,0.5281176916215907,0.592281952667606,0.6205142275278527,0.26000274367931275,0.2787937058427886,0.29162655805199167,0.32609193255670843,0.36853200807714426,0.40483064718317574,0.5950318495695781,0.6096979663800959,0.7073193064001047,0.7362848871008774,0.7473761379388314,0.5945735334192493,0.7273935537845009,0.7394014369231123,0.7188688733883875,1.0,0.5211512861365948,0.5943902069591178,0.48123193418728605,0.508226770697326,0.29891378189690265,0.5850405574924128,0.6982446466235969,0.6762454714078202,0.5715660626727497,0.6808286329111071,0.6043814990362831,0.5656996159485426,0.6126311897421994,0.5441587568830946,0.3674320493163554,0.16540629025147313,0.47852788415602754,0.43462119695453993,0.3091342349945473,0.4205050595244165,0.20032998090651855,0.11563315632577842,0.34717447547182767,0.3391997744561087,0.3697236300679988,0.35679911462873004,0.3497410459136683,0.3500160356038655,0.3583573895398475,0.3534075751162977,0.36358219365359445,0.3657821111751721,0.35514917648754674,0.29712635185593583,0.539117279229479,0.3060176851723122,0.3293001456090092,0.3558824823280726,0.34689948578163055,0.34378293595939546,0.38677299086022565,0.3646821524143833,0.5052477136416986,0.3963059667870622,0.3890645562123596,0.37357348573075966,0.45964525876248585,0.379714922145164,0.467253306857942,0.5072184751666029,0.3463494789408951,0.4247213554300908,0.5109765155719392,0.5415921864412538,0.6211558701383129,0.6016316021343111,0.6470049010168504,0.5383839733889532,0.16054813905798904,0.49264402158615084,0.43475868942501805,0.4758696504841211,0.5083184339273917,0.5308675885235628,0.5541500489602598,0.5520417946687478
GEMME,0.6114853977341992,0.6386635470808684,0.5897612121173548,0.5960401451003011,0.6177184974048548,0.6401301587619201,0.2920848682543129,0.4552454237193305,0.5882487705447136,0.6194142687670638,0.5507585094478276,0.5747742757250504,0.6260140213317968,0.333516654192033,0.3466244960914333,0.3583573895398475,0.4360878086355917,0.4631284615049839,0.45460378110887034,0.550575182987696,0.5431504613523714,0.5389339527693475,0.5421421658216483,0.5267427431706047,0.5783491416976141,0.5493835609968415,0.5417755129013854,0.5422338290517141,0.5211512861365948,1.0,0.5217012655169893,0.4189925991423469,0.5611164544452557,0.39571015325296865,0.5570832723223633,0.513451574811073,0.5400339115301365,0.6743205435764397,0.642971718893958,0.6817452652117644,0.7005362273752402,0.681561938751633,0.6921032102091925,0.46450340995596984,0.22077088121117772,0.5700077877616321,0.5177597466241626,0.34607451671103884,0.4883358497730612,0.17393097064758656,0.12727438654412693,0.42398826226691455,0.4205050595244165,0.4374627570865778,0.42792978115974123,0.4401209907584841,0.4242632519571118,0.44378751996111354,0.4205050595244165,0.42004674337408787,0.44305421412058765,0.41152206297797445,0.36679040670589524,0.6095146399199644,0.361657265822214,0.31060084667559906,0.3424079875084094,0.3431412933489353,0.33534991879334775,0.4194967639936935,0.31793390508085795,0.8625509859389953,0.47531967110372675,0.5798157427873153,0.4566203721703166,0.6156560763343686,0.4673449700880077,0.6223474921291674,0.6837618562732106,0.3842980577823576,0.5724825369225532,0.5772490515122369,0.5849488942623471,0.5817406812100463,0.5953985024898409,0.5107933411391665,0.41060543067731703,0.17154772666587736,0.4986937947704895,0.4875567101646904,0.5104266882189037,0.5323342002046145,0.5339841383457978,0.5381089836987559,0.5449837259536862
VESPA,0.3877354522037473,0.4426875612003247,0.42348411207956715,0.4461707639428226,0.4726156036012067,0.48769420716260115,0.1976717404933317,0.5581832310831522,0.6091479869997014,0.6369219457096194,0.5612997809053872,0.599523347842799,0.6463632584063903,0.22443741041380716,0.2489114928413586,0.27751042062186826,0.34699114901169625,0.39098949944324957,0.4336129014238168,0.5842155884218212,0.5617580970557159,0.6093313134598328,0.6160227292546316,0.6070397327081895,0.5613914441354528,0.6212475333683786,0.6098812928402273,0.6092396502297671,0.5943902069591178,0.5217012655169893,1.0,0.8055364516968508,0.5086850868476547,0.3029469640367387,0.5326091898948118,0.5996150110728649,0.5823823238205065,0.5436087775027001,0.610339608990556,0.5515834785184192,0.5545167018805227,0.5850405574924128,0.5405838909105308,0.3829231351974648,0.1113249845126888,0.4947522758776628,0.4320546265126993,0.2701773622166094,0.4403043172186155,0.19116365789994494,0.11086666836236014,0.38273980873733326,0.3820065028968074,0.3836564410379907,0.391172825903381,0.3780649840039808,0.38741463347068583,0.38750629670075154,0.37916494276476964,0.3906228465229866,0.3994225166092973,0.33626655109400516,0.27228561650812133,0.5221595816673179,0.2743022075695676,0.2903432728310713,0.3398414170665688,0.33113341021032394,0.330766757290061,0.36834868161701273,0.3375498363149254,0.5288968270980102,0.4027223928916638,0.4421375677582027,0.3840230939582536,0.4863192587116151,0.39163114205370975,0.493285664196611,0.5271093960908676,0.3053760133801855,0.43837918175910884,0.4948437820650342,0.5672578908596599,0.6288555814638346,0.5884320970048451,0.5711994097524866,0.46780328623833634,0.1294743040657046,0.4756863240239897,0.4175260021002638,0.46936156114945393,0.4847609838004976,0.495393918488123,0.5046519047247623,0.46450340995596984
VESPAl,0.32471695148121194,0.36252804776137126,0.34304959838005245,0.3626197109941326,0.3838397377299725,0.3962601174175385,0.14464451114699883,0.4736238858680961,0.4936064706100648,0.5167056052659185,0.44933312918634516,0.4714239682818243,0.5069893025932182,0.16673538258318288,0.19010950693732054,0.21055040784309587,0.2743480178449774,0.31367154469958547,0.34740361435575273,0.4927815015152128,0.45987440095389753,0.49846462194641494,0.49846462194641494,0.48938996190304385,0.4595077480228522,0.5101975157398644,0.49846462194641494,0.49498141910148463,0.48123193418728605,0.4189925991423469,0.8055364516968508,1.0,0.43860853095327024,0.2327787272835271,0.4322837678927389,0.4857234325925909,0.4661075007816675,0.4407167853067807,0.48755669724781736,0.4343920222462494,0.4443833146172337,0.4698656933248818,0.42825058565124063,0.3133965550013015,0.06865572352856608,0.3851688662534183,0.3416288306917894,0.22145833254169345,0.35904484491644095,0.16783534137631873,0.09193818464994241,0.32833766194139735,0.33246250741565697,0.3265960605189322,0.33585404702782595,0.3193546651307876,0.33310415004498617,0.3256794281913189,0.32082127685496875,0.33429577207088346,0.3401622189676081,0.25097389349083976,0.2059672462050296,0.40698471565061345,0.19725923909270382,0.2423575496112753,0.28323935142282586,0.2802144647417022,0.27095647823280844,0.29543056138008195,0.2776478942243851,0.43031299761853303,0.325404438493035,0.36445290355988946,0.3088133933632353,0.3942435262967894,0.3196296548290716,0.40120993198665,0.44621657927246017,0.24886549713660733,0.34410264680892166,0.37755994716696795,0.4516247100053783,0.5009395292309706,0.4521746894019463,0.46619916401442885,0.3851688662534183,0.07571379245118803,0.36252804776137126,0.3578990423681132,0.38846874263282594,0.3967184335813452,0.4034098495729218,0.4053347774609096,0.36436131241659775
VespaG,0.4362253011122311,0.45625371925005365,0.44759154168813287,0.44204591858986453,0.4376919127994443,0.4485540079245318,0.3490077346034093,0.41738850970218155,0.5302259459131027,0.5634996984269649,0.539117279229479,0.5421421658216483,0.5801824062989288,0.3987808739988371,0.416196887711327,0.4335212381937511,0.5160181452529136,0.5559833135615745,0.48952747176391587,0.5181263995444254,0.5264677534804074,0.5154681658725191,0.5277510387013278,0.5226178978176466,0.5648746468779509,0.5287593342320509,0.5554333341811801,0.5279343651614592,0.508226770697326,0.5611164544452557,0.5086850868476547,0.43860853095327024,1.0,0.37068609133989483,0.5409505438307938,0.4974105095495691,0.5058435267156168,0.5749576021851819,0.5562583032517716,0.5548833548007857,0.5551583444909829,0.5463586744046722,0.5238095198085011,0.451945547436964,0.2944681181840295,0.5185847156947542,0.49860213154042365,0.3720152108196422,0.4748613549533981,0.21930426953012594,0.1320408745075452,0.4997020903012125,0.50126036521233,0.5157431555627163,0.5160181452529136,0.53114257821376,0.5138182277313359,0.5287593342320509,0.5095100559182463,0.5102433617587722,0.536000729407244,0.47871121061615896,0.43810439969703785,0.5910903306767514,0.4229799667361914,0.3557908190980069,0.38833126577134325,0.3828314719673991,0.3705485991385904,0.45359548557814733,0.35780741015945305,0.5635455282084203,0.47018653022004553,0.46285345827523294,0.5456253685641463,0.5685411760805803,0.550941835907959,0.5696411348413691,0.5434254510425687,0.43278790852422644,0.5432419557215014,0.5480084720309715,0.5423254922817797,0.5366423720177042,0.5300426194529712,0.4973188463195034,0.4253632107179006,0.18245565104369998,0.45038727252584654,0.4928731775308379,0.5140015541914673,0.5288509974621166,0.5316008943640886,0.5212429493666605,0.5039185988842364
ProtGPT2,0.3413080218295864,0.33053759640243563,0.31866720376556024,0.3207296307441978,0.33342498396114006,0.3393372665257143,0.2610568584076498,0.2601402354162058,0.3322791977810011,0.348686916031698,0.36857783703952596,0.3482285998794439,0.38333561714210795,0.29020577500407474,0.29350565130030426,0.30322195372809124,0.3565699538504685,0.33209587132009954,0.2918557131521895,0.3224712321227634,0.3815023525330915,0.3142215413821896,0.32668774072350115,0.30954671662919775,0.4012099470800179,0.3250378025753864,0.3513451497147717,0.3383289709907553,0.29891378189690265,0.39571015325296865,0.3029469640367387,0.2327787272835271,0.37068609133989483,1.0,0.40872633197698516,0.3109216650859601,0.30716347263747645,0.42669232514534583,0.36335303290382914,0.3801274040763293,0.41065125981645234,0.37481093671018173,0.37380264117522266,0.37206103979665706,0.21815847586973014,0.4288005794457147,0.3990100295491982,0.26509004986055007,0.3742609573274768,0.10642099795018056,0.09569639998743451,0.3237545173490749,0.32036297782239453,0.3504285174102636,0.3276960362584602,0.34447040743096025,0.3259544348798946,0.34272880605239464,0.32650441426259946,0.3246711496535831,0.3465786617313291,0.3280626891802635,0.30450523895440273,0.431183823437436,0.30129702588862395,0.24611576115723033,0.2604152251075582,0.26637333508686156,0.24639075084858275,0.33383747269866515,0.25069892267977134,0.4095054657147503,0.37380264117522266,0.3904853260717265,0.3721527030271079,0.39855171339694406,0.3825106480680506,0.40780969967247693,0.4075347099811244,0.3117465907889665,0.45345768535645425,0.43375012983687367,0.3695861325744849,0.34144552082608315,0.3637196858256324,0.3263210878016979,0.2775562492018616,0.13575323169444298,0.29863879220555023,0.37265684684131506,0.3883770948169031,0.3910353284999768,0.38966038004321457,0.35253677171063236,0.34291213251329633
Tranception_S_no_retrieval,0.42843392652391143,0.4525871900474242,0.4362253011122311,0.44699573301341433,0.4692240640745263,0.48100279136780233,0.3186672051967251,0.5251844682594872,0.5550666812609171,0.5876987911643192,0.6011732859839823,0.6277556227030459,0.6590127841554618,0.3521242898953775,0.3662404273255008,0.37265685343010235,0.42334661965645437,0.4581786470814341,0.4674366333180734,0.570741093602158,0.7699252925350024,0.6394885161514601,0.6483798494678364,0.6279389491631773,0.772858515897106,0.6547046123423722,0.6465465848665217,0.6516797257502029,0.5850405574924128,0.5570832723223633,0.5326091898948118,0.4322837678927389,0.5409505438307938,0.40872633197698516,1.0,0.6283972653135059,0.5682661863903831,0.773225168817369,0.6437966879645496,0.5728493478936699,0.6855034576444595,0.6124478632820679,0.5521334578988135,0.48879416592339,0.2422200770465599,0.5941152172689207,0.540858880600728,0.3673403860862896,0.5290343239222481,0.199138358915664,0.13149089512715073,0.43388789111401405,0.41491360249040665,0.43709610416631484,0.4316879735924364,0.43709610416631484,0.43727943062644625,0.44048764367874704,0.43214628974276503,0.4369127777061833,0.45038727252584654,0.42994637222118737,0.37329849604056253,0.5982400626218788,0.3837481042680564,0.35056601498426,0.3823731558170703,0.38833126577134325,0.37659837232292903,0.4560703927899221,0.3787982898445067,0.5666620780437481,0.49447728618746556,0.4550620835232525,0.45368714880821304,0.5293093136124453,0.45707868832064524,0.529400976842511,0.5662495953289369,0.4170218322905753,0.5179428948704347,0.6159309466253844,0.6248223993409423,0.5930152585081319,0.5968651141708927,0.6196892584572611,0.5101516985287065,0.21462944479677337,0.46606168486708743,0.5798615832286662,0.5734909905041301,0.5843072516518869,0.5945735334192493,0.5560749767916402,0.5446170730334232
Tranception_M_no_retrieval,0.3813190260721899,0.41564690833093254,0.38489389205977187,0.4046473207230442,0.4344836997336655,0.4483706814644003,0.24698655868304809,0.6158394027945001,0.5843072516518869,0.6109812516010161,0.5492918977667758,0.6125395265121336,0.6329804268167928,0.24093679182563965,0.2688940769956891,0.3000595752180394,0.3194005167619097,0.3772400149333891,0.40556395302370163,0.6068564062480579,0.6560795607933583,0.7699252925350024,0.7594756843075086,0.7321600417479193,0.6282139388533745,0.751684309751921,0.7251936362629232,0.7525092788225126,0.6982446466235969,0.513451574811073,0.5996150110728649,0.4857234325925909,0.4974105095495691,0.3109216650859601,0.6283972653135059,1.0,0.6937531483503758,0.5937485643486577,0.7772583509402613,0.595765155410104,0.5767908667864965,0.6544296226521751,0.5380173204686902,0.38191483966674167,0.15229844835207285,0.49447728618746556,0.4449791419519681,0.287685039159165,0.4244465784172432,0.20042164413658425,0.10985837283163702,0.34873275038294527,0.34625784317117037,0.36504880533464623,0.3583573895398475,0.3513909840548516,0.35505751325748103,0.3629405510431343,0.3556074926378754,0.3649571421045805,0.36926531391767015,0.35294925896596907,0.297767994466396,0.536000729407244,0.30299279858014294,0.31151747897625637,0.3475411283920906,0.34286630365873816,0.3474494651620249,0.36935697714773585,0.3696319668379331,0.48948163800415756,0.3873229702406201,0.36679039074493325,0.358174063079716,0.45799532062130266,0.3655071214849749,0.45955359553242014,0.49621888755871457,0.3408496849059005,0.414363406603386,0.5034601283698585,0.5493835609968415,0.6047481519565461,0.5702827774518293,0.655804571103161,0.5395755953798077,0.17319766480706067,0.4874192174724039,0.46033273072079683,0.5167514510934395,0.5456253685641463,0.5590082001537438,0.5720243788230783,0.5315092311340229
Tranception_L_no_retrieval,0.4094596378205917,0.44323754058071907,0.4112012391991573,0.4228883035061257,0.43778357602989504,0.4510289151363067,0.23809522529196536,0.5748659389551161,0.6040148461160202,0.6180393203160778,0.5317842208242202,0.5836656090414267,0.6188642893866694,0.25092808390280485,0.2804436439839718,0.2935514858833721,0.32865850299854904,0.383564777807925,0.41656354063158996,0.5893487293055024,0.5961318083303668,0.687061732555577,0.7206104747596365,0.6996195950745829,0.5801824062989288,0.6795453476901867,0.6706540143738102,0.685320131184328,0.6762454714078202,0.5400339115301365,0.5823823238205065,0.4661075007816675,0.5058435267156168,0.30716347263747645,0.5682661863903831,0.6937531483503758,1.0,0.5634996984269649,0.6768871140182804,0.7052110521085928,0.5557083238713773,0.6030065505852971,0.5765158770962994,0.388056276081146,0.1650396373312102,0.4776112518553701,0.44626242717288844,0.2720106268179241,0.40098079152041477,0.15706493631549112,0.1039002628773642,0.33956642737637166,0.3417663448979493,0.36514046856471194,0.3479994445424194,0.3499243723737998,0.342224661048278,0.3583573895398475,0.3433246198090668,0.3490994033032082,0.3604656438313595,0.33544158202341345,0.29382647557356933,0.523167877198041,0.298776289997119,0.322425403354079,0.348824413613011,0.3343416232626246,0.3407580493672262,0.3755900767922059,0.3491910665332739,0.5191805246702232,0.3913561523635125,0.3754067345882999,0.36431549949412034,0.4539621384984103,0.37091525205885334,0.45946193230235444,0.5178514098542283,0.32251703812258525,0.42976283494751355,0.49365215970372867,0.5334341589654035,0.612081210361805,0.5834822825812953,0.6035565299656915,0.4831110456593143,0.16898115622403675,0.4850359734906947,0.43301708804645245,0.4772445989351072,0.5069434854764057,0.5201429906058717,0.5600164956844669,0.5397589218399392
Tranception_S,0.6346761950382567,0.6088729973095042,0.5484210951840349,0.5605664750648613,0.600302483619199,0.6181309835461435,0.354049212299384,0.493285664196611,0.5944818701891836,0.6328887635867271,0.618680962926538,0.6348136914181075,0.6850451414941309,0.4003391489099546,0.41748017293224726,0.4202300698342194,0.4907190937547704,0.5032769562737762,0.509601719148312,0.6063980900977293,0.689169986847089,0.6019982550545739,0.6189559526167352,0.5974150935512872,0.7170356087870727,0.6260140213317968,0.6198725849173925,0.6212475333683786,0.5715660626727497,0.6743205435764397,0.5436087775027001,0.4407167853067807,0.5749576021851819,0.42669232514534583,0.773225168817369,0.5937485643486577,0.5634996984269649,1.0,0.7392181104629809,0.7283101860851583,0.8177734986293167,0.7317933888276562,0.6908199249882723,0.5425088187419113,0.2862184274781132,0.6330720900468585,0.599523347842799,0.39236444789423564,0.5417755129013854,0.2031715410385564,0.13579906694024035,0.4788945370762905,0.468994908229191,0.4906274305247047,0.4843026676501688,0.49126907313516477,0.4833860353495115,0.504743567954828,0.47696960924490994,0.482194413358657,0.5034602827339076,0.4705531831403085,0.42407992549698026,0.6820202549019616,0.4128970114289605,0.3763233826327318,0.40492231041324145,0.40583894271389875,0.3935560698850902,0.4773362621651729,0.3862230114798313,0.6805078102636666,0.5345341177261922,0.5360007177114725,0.5104266882189037,0.6463632584063903,0.5168431143235052,0.6473715539371133,0.6899032926876149,0.43590445847739,0.6024564242352302,0.6527795765672926,0.657912825394673,0.6096979663800959,0.62702231686252,0.5844905781120184,0.4865942484018123,0.21765433138894263,0.49676886693910893,0.5869196519733794,0.5914569835970143,0.615564413104303,0.6164810454049603,0.5952151760297095,0.5824739870505722
Tranception_M,0.5816948478376827,0.5785324681577455,0.5108391706991986,0.5303176091431684,0.5662954251219448,0.5869654853237933,0.30610934257220623,0.5840322619616898,0.6329804268167928,0.6652458837999319,0.5938402275787235,0.641963423363235,0.6837618562732106,0.3260002693266427,0.3500160356038655,0.37174022112944494,0.41399697018974935,0.4524038635872927,0.4725697742017546,0.641963423363235,0.6516797257502029,0.7132774163543776,0.7202438218393735,0.6977863304732681,0.6466382480965874,0.7189605366184533,0.7070443167099075,0.7167606190968756,0.6808286329111071,0.642971718893958,0.610339608990556,0.48755669724781736,0.5562583032517716,0.36335303290382914,0.6437966879645496,0.7772583509402613,0.6768871140182804,0.7392181104629809,1.0,0.7777166670905901,0.7142857118851007,0.7928411000514365,0.6836701930431448,0.47192813159129454,0.22535404271446446,0.569366145151172,0.5335258221954691,0.3368165304743995,0.48127778105799957,0.20564644825033118,0.12415783672189185,0.41738850970218155,0.4152802554106696,0.43810439969703785,0.4260048533283607,0.42737980177934676,0.4201384066041536,0.4393876849179582,0.4205050595244165,0.4285714237702013,0.4411292862892072,0.42334661965645437,0.37504009741181144,0.6334387429671214,0.36037398060129366,0.35679911462873004,0.39007286714259215,0.3820065028968074,0.3853063791791739,0.4319629632826336,0.38823960254127743,0.6203767310879287,0.46542004225662725,0.47165312858335195,0.44131261274933864,0.5811907018296518,0.45377881203827874,0.5868738220937275,0.6280306123932431,0.38979785181735216,0.5205094662611226,0.586232050851309,0.603739856425823,0.6358219869488306,0.6207892172180498,0.6273889697827828,0.5356340764869811,0.2007882970568472,0.5199596641457402,0.5028644696499773,0.5556166606413115,0.5910903306767514,0.5987900420022731,0.6158394027945001,0.5809157121394547
Tranception_L,0.6760163119715765,0.6520463786704659,0.5677620368091579,0.5784408049276798,0.6047023186808385,0.6262890110219941,0.32911681351201816,0.49676886693910893,0.6159310660245658,0.6400384955318544,0.5720243788230783,0.5917319732872115,0.6456299525658644,0.3681653551568813,0.38906457161186914,0.38668132763015994,0.4486456711545975,0.4656950319468245,0.4740363858828064,0.594665196649315,0.5661579320988712,0.5936569011185919,0.6233557876598905,0.606123100407532,0.5824739870505722,0.6116228942114763,0.6063064268676636,0.6091479869997014,0.6043814990362831,0.6817452652117644,0.5515834785184192,0.4343920222462494,0.5548833548007857,0.3801274040763293,0.5728493478936699,0.595765155410104,0.7052110521085928,0.7283101860851583,0.7777166670905901,1.0,0.7147440280354294,0.7380264884721264,0.7495760554604091,0.503001966583579,0.26825243438522894,0.5697327980714348,0.5585498840034151,0.343966262419527,0.47192813159129454,0.18053072321231955,0.12452448964215479,0.4303130251414503,0.43975433783822115,0.4650533893363643,0.443604193500982,0.45387047526834445,0.44213758181993024,0.46560336871675867,0.43572115571532877,0.4395710113780896,0.4615701865938663,0.43407121757414546,0.39832255784850845,0.6490214920782966,0.37522342387194296,0.3732068328104967,0.3930060905046957,0.3788899530745724,0.3789816163046381,0.4501122828356493,0.3715568946693135,0.6673999683091993,0.4940189700371369,0.5180347241657295,0.46945322437951964,0.6198725849173925,0.48787753362273256,0.6310554989854122,0.6835785298130791,0.38081485489352773,0.577524016439976,0.5891652751252918,0.585682200102873,0.6011732859839823,0.6102479457604902,0.5435171142726344,0.45295384296768715,0.2000549912163213,0.5062101796358798,0.4952564215225592,0.5381089836987559,0.5739493066544588,0.5823823238205065,0.6084146811591755,0.5981483993918131
TranceptEVE_S,0.6336678995032976,0.6965947084824136,0.6430175490092812,0.6608460487567765,0.7438471025051834,0.772858515897106,0.31426737011660166,0.48952747176391587,0.6179476570860121,0.658921120925396,0.6198725849173925,0.6510380831397428,0.7028278081268837,0.35276593250583765,0.36523213179477776,0.36926531391767015,0.45625371925005365,0.5008020490620013,0.5168431143235052,0.5845822413420841,0.6314221519056753,0.5861405162532016,0.5997066743029306,0.5860488530231359,0.6610293752169081,0.6146477808036456,0.5966817877107613,0.6013566124441139,0.5656996159485426,0.7005362273752402,0.5545167018805227,0.4443833146172337,0.5551583444909829,0.41065125981645234,0.6855034576444595,0.5767908667864965,0.5557083238713773,0.8177734986293167,0.7142857118851007,0.7147440280354294,1.0,0.8484806807013383,0.8256565364149699,0.4940189700371369,0.24643658562958382,0.612722852972265,0.5494752242269072,0.37412346511115413,0.527659375471262,0.1908886682097477,0.1336908126487284,0.4534121591180158,0.4409459598290757,0.46551170548669296,0.46111187044353763,0.47211145805142596,0.46202850274419505,0.47376139619260926,0.4557037398696592,0.4552454237193305,0.47770291508543583,0.44479581549183667,0.38163984997654443,0.6849534782640652,0.38594802178963405,0.33709152016459676,0.3715568946693135,0.3707319255987219,0.3649571421045805,0.4508455886761752,0.3514826472849173,0.7041569237199783,0.5283010180817223,0.5901736880458304,0.48366102503970876,0.7175855881674671,0.48870250269332416,0.715568997106021,0.718318894007993,0.4120720176590802,0.5814655367899609,0.6362801900261397,0.6784453889293979,0.6332554165069899,0.6580044886247387,0.5674412173197915,0.4700948669899798,0.2107795891340124,0.5353590867967839,0.5385214662953464,0.5581832310831522,0.5900820351460283,0.5978734097016158,0.5950318495695781,0.5917319732872115
TranceptEVE_M,0.6190017826311663,0.687061732555577,0.6286264218285025,0.6541546329619778,0.7390806145217407,0.7713002409859885,0.29391813287103097,0.5283010180817223,0.6428800556638923,0.6851368047241966,0.6128145162023309,0.6578211621646073,0.7097025503818138,0.3183922212311866,0.3331500012717701,0.3482744342326165,0.41729684647211585,0.47880287384622466,0.5062101796358798,0.6079563650088469,0.6044731622663488,0.6320637945161354,0.6368302824795538,0.6261973477919283,0.6191392790768666,0.6529630109711233,0.6327054371265955,0.6368302824795538,0.6126311897421994,0.681561938751633,0.5850405574924128,0.4698656933248818,0.5463586744046722,0.37481093671018173,0.6124478632820679,0.6544296226521751,0.6030065505852971,0.7317933888276562,0.7928411000514365,0.7380264884721264,0.8484806807013383,1.0,0.8459141102594977,0.4633117879651153,0.22141252382163779,0.5701911142217635,0.516568124633308,0.34359960949926405,0.4854942896410235,0.19373022834178555,0.12470781610228632,0.41720518324205,0.4094138086864625,0.4341628808042113,0.4267381591688866,0.4361794718656574,0.42279664027606,0.43966267460815545,0.42417158872704597,0.4235299461165859,0.44213758181993024,0.4159218980211298,0.35624913524833557,0.6543379594221093,0.35698244108886146,0.33140839990052107,0.36092395998168814,0.3556074926378754,0.3555158294078097,0.41995508014402216,0.3482744342326165,0.6734497415189535,0.4865025851717465,0.5579998934817701,0.4458041110225597,0.6799120006104497,0.4542371281886074,0.6809202961411727,0.6789037050797265,0.3807231916596111,0.5426919761377826,0.6006231824455369,0.6471882274769818,0.64572161579593,0.6536963168116492,0.5795407636884686,0.4871442277822067,0.20280488811829345,0.5433337878125029,0.49140656584362485,0.5341674648059294,0.5695494716113034,0.5795407636884686,0.5974150935512872,0.5744992860348532
TranceptEVE_L,0.65071726036715,0.741234701524427,0.6725331092144453,0.695403086491559,0.810761260734282,0.8583803095484378,0.29025160363759483,0.4709198360605714,0.6261973477919283,0.6621293339776968,0.5896237189956997,0.6153810866441715,0.670745677603876,0.3193088535318439,0.3326916851214414,0.3347999394129534,0.4184884684629704,0.4750446814135295,0.49502726556786003,0.5664329217890685,0.54296713489224,0.5468169905550009,0.562399739666176,0.5515834785184192,0.5657912791786082,0.5700994509916979,0.5548833548007857,0.5581832310831522,0.5441587568830946,0.6921032102091925,0.5405838909105308,0.42825058565124063,0.5238095198085011,0.37380264117522266,0.5521334578988135,0.5380173204686902,0.5765158770962994,0.6908199249882723,0.6836701930431448,0.7495760554604091,0.8256565364149699,0.8459141102594977,1.0,0.4581786470814341,0.2222374928922295,0.5604748118347955,0.5092350662280491,0.33305833804170437,0.46871991853899375,0.17475593971817815,0.12333286765130025,0.4076722073152135,0.40822218669560795,0.4300380354512531,0.42307162996625713,0.4344378704944084,0.4217883447453369,0.4335212381937511,0.4211467021348767,0.4119803791283031,0.4358128189453945,0.40556395302370163,0.35194096343524595,0.6470965642469162,0.3482744342326165,0.30803427623375845,0.3384664686155828,0.32948347206914064,0.331775052820784,0.4088638293060681,0.3174755889305292,0.6902241126914536,0.49191071574562495,0.5890737292573156,0.44323754058071907,0.7167606190968756,0.4506622622160438,0.7172189352472043,0.7008112170654375,0.35991563756054834,0.5627662309435203,0.581832214440335,0.6404968116821832,0.6192309423069324,0.6451716364155357,0.513451574811073,0.4250882210277034,0.19785507369474364,0.5403089012203336,0.47949034588501827,0.5136349012712045,0.5514001520582876,0.5547000283406542,0.57908244753814,0.5741326331145902
CARP_38M,0.4945231156789527,0.4146386128002094,0.39131031819132933,0.38750629670075154,0.40093495738866536,0.409597135146594,0.4695448831526232,0.3639488465738574,0.4117970526681717,0.4303130251414503,0.44892066084479476,0.4567120354003823,0.47935285322661914,0.6114395677513448,0.6134561588127909,0.5917319732872115,0.5416838496713197,0.44085429659901,0.37339015927062824,0.4515788945167011,0.4617535130539978,0.38585635855956835,0.3970392726275881,0.3839314307281879,0.47687794601484423,0.39648929324719373,0.3972225990877196,0.4063889220942932,0.3674320493163554,0.46450340995596984,0.3829231351974648,0.3133965550013015,0.451945547436964,0.37206103979665706,0.48879416592339,0.38191483966674167,0.388056276081146,0.5425088187419113,0.47192813159129454,0.503001966583579,0.4940189700371369,0.4633117879651153,0.4581786470814341,1.0,0.46212016597426075,0.5781658152374827,0.7307850932969331,0.3334249909619673,0.46120353367360334,0.1718227163560746,0.13662403601083195,0.47046151991024276,0.45148723128663537,0.47440303880306933,0.4685365920788622,0.4751363446435952,0.4691782346893224,0.49365231711687396,0.4657866951768902,0.4724781109716889,0.4947522758776628,0.5174847569339653,0.5596498427642039,0.5898987086858969,0.44983729314545207,0.4448874787219024,0.4442458361114422,0.4411292862892072,0.397772578468114,0.4872358910122724,0.3888812451517376,0.4751821740538297,0.5195013479954116,0.4263714917894893,0.5243594991888956,0.5238095198085011,0.5132682483509414,0.520051327375806,0.5008020490620013,0.41143037502166424,0.5813738735260079,0.5273842388545302,0.4435125302709163,0.4138136437296178,0.43297125881335663,0.37412346511115413,0.34130802874762056,0.2380952316936018,0.31142581574619066,0.5458545247314119,0.5734909905041301,0.5527751005092737,0.5426921452020428,0.49456894941753127,0.4517622209768326
CARP_600K,0.3202713145919437,0.23681194647268144,0.19056784350403333,0.179339101221465,0.1755350737100988,0.1826389775038315,0.5693661415329228,0.11169163743295174,0.18208899812343704,0.17998074383192508,0.20472981594967388,0.20564644825033118,0.20307987780849057,0.6439800144246811,0.6031898770454285,0.5468169905550009,0.46056189106314327,0.35349923834636354,0.24203675058642848,0.2007882970568472,0.18951371975876163,0.1427654724252363,0.16073146551812056,0.15733992600568836,0.21187954789480123,0.15156514251154696,0.17649754108942717,0.15880653768674013,0.16540629025147313,0.22077088121117772,0.1113249845126888,0.06865572352856608,0.2944681181840295,0.21815847586973014,0.2422200770465599,0.15229844835207285,0.1650396373312102,0.2862184274781132,0.22535404271446446,0.26825243438522894,0.24643658562958382,0.22141252382163779,0.2222374928922295,0.46212016597426075,1.0,0.2854851216375873,0.4117970526681717,0.2578028261577351,0.256427877706749,0.12690773362386398,0.09546724571131648,0.3405747229070947,0.30400109411086607,0.3274668810076945,0.31646729339980617,0.3364498775541366,0.33113341021032394,0.3623905716627399,0.3260002693266427,0.32719189131749726,0.3457078637907759,0.3943810389556818,0.46615334809715314,0.33938310091624013,0.40556395302370163,0.4481873550042689,0.38998120391252644,0.3948393551060104,0.34864108715287945,0.3316833895907183,0.3217837607436188,0.22677481953210732,0.3217837607436188,0.19345521832146317,0.37348182250069395,0.3150923449488201,0.35423254418688943,0.3066593277827724,0.2546862763355,0.301801147257439,0.325541703832793,0.2764102369118817,0.1875887919273812,0.16238140365930376,0.1909803314398134,0.14799027653898322,0.16439799472075,0.24845317669102995,0.1559649775547023,0.3419955002087881,0.3424996507384752,0.329025155918812,0.3052843793317863,0.279343685223183,0.25257802204398805
CARP_640M,0.5059810194853052,0.48210275012859116,0.46949905376587886,0.4714698154409658,0.4997479198146495,0.5116183102097582,0.3348915970546801,0.4310463309819762,0.5295843033026425,0.552316784358945,0.5989733684624047,0.572482694973407,0.6113479045212791,0.4096887983766597,0.4353545027950658,0.46294513504485235,0.5340758015758635,0.45387047526834445,0.40556395302370163,0.5330675060451404,0.5602914853746641,0.5061185164058141,0.5206929699862661,0.5048352311848938,0.5795407636884686,0.5184013892346226,0.5114349837496268,0.5247261521091584,0.47852788415602754,0.5700077877616321,0.4947522758776628,0.3851688662534183,0.5185847156947542,0.4288005794457147,0.5941152172689207,0.49447728618746556,0.4776112518553701,0.6330720900468585,0.569366145151172,0.5697327980714348,0.612722852972265,0.5701911142217635,0.5604748118347955,0.5781658152374827,0.2854851216375873,1.0,0.6476465436273106,0.3500160356038655,0.6724872789751251,0.18062238644238526,0.14661532808799715,0.48540262641095766,0.4684449288487965,0.49200237897569066,0.49282734804628237,0.4996104270711468,0.49521059202799145,0.5118016366698896,0.49282734804628237,0.4900774511443102,0.5142765438816645,0.5037352724241049,0.45561207663959347,0.6499381243789539,0.41326366434922346,0.3583573895398475,0.41885512138323333,0.4101471145269884,0.38741463347068583,0.47119482575076865,0.3746734444915485,0.5820615007594858,0.5260094373300788,0.4844859811160256,0.5383839733889532,0.5934735746584605,0.5450753891837519,0.5926486055878689,0.5896237189956997,0.4438791598281322,0.6625875253884902,0.6835784314441113,0.5894403925355681,0.5547916915707198,0.576974193246628,0.5024519872031846,0.4285714237702013,0.1908886682097477,0.45561207663959347,0.5169806071394036,0.5413171967510567,0.5521334578988135,0.5599248324544011,0.5357257397170467,0.532517526664746
CARP_76M,0.5248636449581742,0.46212016597426075,0.423575775310018,0.4203217330642851,0.4442000021614525,0.4550620972591991,0.4433291991335546,0.38750629670075154,0.47440303880306933,0.49695219339924046,0.5202346538359375,0.5191346950751485,0.5454420421040148,0.5635913616570305,0.592281952667606,0.5974150935512872,0.5365507087876384,0.4349878498748029,0.3877812863909488,0.5151015129522563,0.5105183514489694,0.4559787295598564,0.46386176734550977,0.4426875612003247,0.526284427020276,0.46624501132721885,0.4593702690722886,0.4750446814135295,0.43462119695453993,0.5177597466241626,0.4320546265126993,0.3416288306917894,0.49860213154042365,0.3990100295491982,0.540858880600728,0.4449791419519681,0.44626242717288844,0.599523347842799,0.5335258221954691,0.5585498840034151,0.5494752242269072,0.516568124633308,0.5092350662280491,0.7307850932969331,0.4117970526681717,0.6476465436273106,1.0,0.35359090157642925,0.5089600765378519,0.2165543726281538,0.14634033839780003,0.47706127247497576,0.4634951144252468,0.49612722432864886,0.4850359734906947,0.48521929995082624,0.48457765734036606,0.5092350662280491,0.484944310260629,0.4856776161011549,0.5091434029979833,0.5535084063497996,0.5560749767916402,0.6484715126979022,0.45616205601998794,0.4394793481480239,0.46138686013373487,0.4395710113780896,0.41060543067731703,0.5108850043692323,0.4072138911648848,0.5211054525096905,0.5465420008648036,0.4559787158470149,0.5389339527693475,0.5569916090922975,0.5299509562229054,0.5565332929419688,0.5463586744046722,0.44415414952988186,0.6398550359281114,0.5950317236732574,0.5133599115810072,0.4856776161011549,0.4997020903012125,0.4326962691231595,0.38099820736608436,0.23048718359814568,0.3802649015255585,0.5907695076523138,0.6106145986807532,0.6041065093460859,0.592281952667606,0.54920023453671,0.5059351899456825
MIF,0.3309042493242389,0.309225898224613,0.2935973145307551,0.2926348535827148,0.2987304554360011,0.3040927573409318,0.27778540424391185,0.24991978837208173,0.30647600132264086,0.32141710782335586,0.3316833895907183,0.32279205627434193,0.33699985693453105,0.31142581574619066,0.3060176851723122,0.30638433809257515,0.34497455795025,0.30473439995139195,0.277968736772197,0.3040927573409318,0.33388330711229597,0.28136027628462923,0.28887666115001953,0.3001512384481051,0.36339886719346304,0.305376042561852,0.3389247847659115,0.3016178501291569,0.3091342349945473,0.34607451671103884,0.2701773622166094,0.22145833254169345,0.3720152108196422,0.26509004986055007,0.3673403860862896,0.287685039159165,0.2720106268179241,0.39236444789423564,0.3368165304743995,0.343966262419527,0.37412346511115413,0.34359960949926405,0.33305833804170437,0.3334249909619673,0.2578028261577351,0.3500160356038655,0.35359090157642925,1.0,0.4865942484018123,0.4337045646538825,0.20757137608171172,0.4011641179805463,0.4243549151871775,0.4352628395650001,0.4425042347401932,0.4494706402251891,0.42490489456757186,0.43627113509572313,0.4134469908093549,0.38319812488766203,0.4416792656696016,0.429396392840793,0.39016453037265797,0.4071222279348191,0.3564324617084671,0.3243503311854594,0.3465328328613676,0.36009899091109654,0.3541408809568236,0.41894678461329904,0.3457078637907759,0.370594428109444,0.42472156810744044,0.3918144531836468,0.47376139619260926,0.4506622622160438,0.504743567954828,0.4632201247350496,0.36284888781306857,0.5514917964461926,0.3972223762441488,0.38787275932322596,0.3455245373306445,0.3141757126481627,0.3310417469802581,0.28383518349640413,0.26981070929634643,0.18868875068817004,0.28062697044410334,0.32237956889231256,0.34020806998683173,0.3563407984784013,0.3512993208247859,0.33883312153584577,0.36349053042352875
MIFST,0.40936797459014085,0.4135386540394206,0.40551811891120637,0.4105137674472513,0.4277006206803049,0.4343462072643427,0.2920848682543129,0.38319812488766203,0.45212887389709555,0.4716531419010973,0.49438562295739985,0.47696960924490994,0.5070351487064715,0.34763279162215643,0.36193225551241126,0.3869563173203572,0.45552041340952776,0.3960309770968651,0.3499243723737998,0.43892936876762956,0.49172738928549353,0.4283880973100699,0.4473623859336773,0.42967138253099013,0.5151015129522563,0.4448874787219024,0.4619368395141292,0.44296255089052194,0.4205050595244165,0.4883358497730612,0.4403043172186155,0.35904484491644095,0.4748613549533981,0.3742609573274768,0.5290343239222481,0.4244465784172432,0.40098079152041477,0.5417755129013854,0.48127778105799957,0.47192813159129454,0.527659375471262,0.4854942896410235,0.46871991853899375,0.46120353367360334,0.256427877706749,0.6724872789751251,0.5089600765378519,0.4865942484018123,1.0,0.3199504961423041,0.17888078507113625,0.47614464017431835,0.4865025851717465,0.5035519459639735,0.5037352724241049,0.509968372068575,0.50126036521233,0.5119849631300212,0.4897107982240473,0.47211145805142596,0.5197763376856087,0.4871442277822067,0.42719647531921534,0.5631330455067018,0.39080617298311804,0.3342499600325589,0.38750629670075154,0.391172825903381,0.3722902005098394,0.4534121591180158,0.3780649840039808,0.5089142428597315,0.4875108807024696,0.4590036025154308,0.539483932149742,0.557541588472692,0.5519501314386821,0.5601081589145326,0.4965855404789775,0.5368256790195405,0.5379254864122193,0.5625829301423232,0.4930106745064138,0.471744805131163,0.4874192174724039,0.4392960216878925,0.37018194621832745,0.17823914246067618,0.40758054408514777,0.45299967228473126,0.47018653022004553,0.4883358497730612,0.4913607363652306,0.46881158176905946,0.4709198360605714
ESM-IF1,0.14757778842259872,0.15834822153641137,0.1618772523729266,0.17457261325804674,0.1709519121875579,0.16980612529462846,0.17209769909011452,0.16448965795081572,0.15578165109457076,0.16696456516259062,0.17154772666587736,0.19281359604112813,0.19143864759014217,0.1717310531260089,0.1874971286973155,0.192538606350931,0.15898986414687155,0.11572481955584413,0.11746642092709314,0.21756266815887693,0.19895503245553248,0.18621384347639514,0.18282230396396293,0.18300563042409446,0.18328062011429158,0.19400521803198278,0.2215958502817693,0.19538016648296874,0.20032998090651855,0.17393097064758656,0.19116365789994494,0.16783534137631873,0.21930426953012594,0.10642099795018056,0.199138358915664,0.20042164413658425,0.15706493631549112,0.2031715410385564,0.20564644825033118,0.18053072321231955,0.1908886682097477,0.19373022834178555,0.17475593971817815,0.1718227163560746,0.12690773362386398,0.18062238644238526,0.2165543726281538,0.4337045646538825,0.3199504961423041,1.0,0.16256473011943529,0.2553279189459602,0.27081900482706955,0.27897703230292004,0.2885100082297566,0.27320224880877875,0.27650212509114525,0.27173563712772697,0.2729272591185815,0.252944674964251,0.2829185511957467,0.3010678707487625,0.2655025374832569,0.2571611835472749,0.2298455409876855,0.21747100492881122,0.24414500487794033,0.25441128664530277,0.24900315607142443,0.26412758903227085,0.28383518349640413,0.18231815276345953,0.2496447986818845,0.23397036703176133,0.29400980203370075,0.2670608123943744,0.30473439995139195,0.2721022900479899,0.15963150675733173,0.42270495279340303,0.18630520588797272,0.19391330420611697,0.17319766480706067,0.19318024896139108,0.1916219740502736,0.16558961671160455,0.14744029715858886,0.09005911513743803,0.21948759599025736,0.20807552052014,0.21288784342552436,0.24277005642695437,0.2371785993929444,0.24487831071846622,0.2273706337759107
ProteinMPNN,0.11641229006931986,0.10756679207999365,0.10330444811485262,0.10518354809828445,0.1141207093080494,0.114716524025121,0.10316694950151462,0.09785048969302557,0.11535816663558118,0.12562444840294362,0.11975800167873651,0.1263577542434695,0.1302992731362962,0.12067463397939393,0.1263577542434695,0.12809935561471852,0.13075758928662484,0.10124202920545788,0.09519225602111925,0.1262660910134038,0.12177459274018276,0.1138915549545294,0.1138915549545294,0.11233328004341192,0.12754937623432405,0.11554149309571271,0.12397451026176043,0.11434987110485806,0.11563315632577842,0.12727438654412693,0.11086666836236014,0.09193818464994241,0.1320408745075452,0.09569639998743451,0.13149089512715073,0.10985837283163702,0.1039002628773642,0.13579906694024035,0.12415783672189185,0.12452448964215479,0.1336908126487284,0.12470781610228632,0.12333286765130025,0.13662403601083195,0.09546724571131648,0.14661532808799715,0.14634033839780003,0.20757137608171172,0.17888078507113625,0.16256473011943529,1.0,0.1453320428670769,0.15257343804227008,0.1577065789259513,0.1569732730854254,0.15550666140437364,0.15468169233378193,0.15825655830634566,0.15165680574161267,0.14258214596510477,0.15642329370503094,0.16632292255213044,0.15660662016516247,0.1569732730854254,0.13506576109971447,0.13167422158728226,0.14019890198339569,0.13845730061214667,0.13259085388793956,0.15761491569588548,0.1393739329128041,0.13401163031587737,0.15752325246581977,0.14652364334482826,0.1710894105155487,0.16247306688936958,0.17915577476133349,0.16338969919002688,0.1302992731362962,0.20078826348137202,0.14762330849974747,0.1477150218908888,0.1261744277833381,0.12149960304998553,0.12498280579248344,0.10875841407084819,0.09849213230348575,0.07190979558442234,0.11517484017544977,0.12722855126251664,0.1337824758787941,0.13836563738208096,0.1346074449493858,0.13314083326833404,0.12938264083563877
ProtSSN_k10_h512,0.39571015325296865,0.3879646128510803,0.35711993323317337,0.3606489702914909,0.3582198919985833,0.36587377440523783,0.3843897417060683,0.3302167779096665,0.3732068328104967,0.3969476093975224,0.4234382828865201,0.40483064718317574,0.43636279832578895,0.4733030800422805,0.49530225525805716,0.5286676710019851,0.6349053546481732,0.5208762964463975,0.43993766429835257,0.4087721660760023,0.40327237227205814,0.35047435175419417,0.3649571421045805,0.35423254418688943,0.43553782925519724,0.37595672971246885,0.3770566884732577,0.3691736506876043,0.34717447547182767,0.42398826226691455,0.38273980873733326,0.32833766194139735,0.4997020903012125,0.3237545173490749,0.43388789111401405,0.34873275038294527,0.33956642737637166,0.4788945370762905,0.41738850970218155,0.4303130251414503,0.4534121591180158,0.41720518324205,0.4076722073152135,0.47046151991024276,0.3405747229070947,0.48540262641095766,0.47706127247497576,0.4011641179805463,0.47614464017431835,0.2553279189459602,0.1453320428670769,1.0,0.7141023854249692,0.7369265297113374,0.7314267359073934,0.7440762616564649,0.7366515400211402,0.7567257874055364,0.738118151702192,0.7385764678525207,0.8112654092946494,0.5756909080257078,0.5242678359588298,0.517576420164031,0.442595897970259,0.43306292204342245,0.48191942366845975,0.4658783584069559,0.42884641346039853,0.4957605714083859,0.42747146500941247,0.43741692310809177,0.49759383600970064,0.3829231196431515,0.6525046948207945,0.574224296344656,0.6454466261057329,0.5684495128505146,0.4345295337244742,0.4989687634119945,0.4850357831112573,0.4634949476368436,0.412713684968829,0.3803565647556242,0.40574727948383305,0.36037398060129366,0.33113341021032394,0.17081442082535148,0.31454236556842563,0.44539162415731315,0.45121224159643814,0.4515788945167011,0.462395155664458,0.4186717949231018,0.39768091523804827
ProtSSN_k10_h768,0.3992850192405506,0.3881479393112117,0.36619459304780455,0.3662404273255008,0.35601997446776357,0.3606489702914909,0.34919106106508113,0.3198588329122384,0.37513176064187725,0.40006415921975746,0.41500526572047236,0.38750629670075154,0.42472156810744044,0.443604193500982,0.46377010411544395,0.4865025851717465,0.598515052312076,0.5019020078227903,0.42637150624862363,0.40840551315573936,0.39071450975305233,0.33938310091624013,0.35285759573590336,0.3498327091437341,0.4261881797884922,0.36761537577648684,0.37531508710200867,0.3622989084326742,0.3391997744561087,0.4205050595244165,0.3820065028968074,0.33246250741565697,0.50126036521233,0.32036297782239453,0.41491360249040665,0.34625784317117037,0.3417663448979493,0.468994908229191,0.4152802554106696,0.43975433783822115,0.4409459598290757,0.4094138086864625,0.40822218669560795,0.45148723128663537,0.30400109411086607,0.4684449288487965,0.4634951144252468,0.4243549151871775,0.4865025851717465,0.27081900482706955,0.15257343804227008,0.7141023854249692,1.0,0.7570007770957337,0.7692836499245423,0.7669004059428332,0.7580090726264568,0.7457261997976481,0.7215271070602938,0.721802096750491,0.8133736635861614,0.5621247499759787,0.5168431143235052,0.5007103858319356,0.43159631036237067,0.4060222691740303,0.46386176734550977,0.43966267460815545,0.4086805028459366,0.47522800787366104,0.3987808739988371,0.43393372035096067,0.478344557695896,0.3731151537788938,0.6643292514992745,0.5801824062989288,0.6651542205698662,0.5802740695289945,0.4410376230591414,0.5104266676515665,0.4897106095728674,0.45662020324469654,0.4039140148825183,0.38191483966674167,0.38851459223147466,0.35038268852412846,0.32059213875276427,0.16953113560443123,0.310967499595862,0.4226591430055098,0.43874604230749803,0.4374627570865778,0.43379622788394834,0.4053806265635701,0.3862230114798313
ProtSSN_k10_h1280,0.4116595553514114,0.3969476093975224,0.3704111016485423,0.370365272678459,0.3760025587060424,0.38090654413601854,0.3817315080118271,0.33626655109400516,0.3864980011700285,0.40895549253613384,0.4301296986813189,0.41143039974790874,0.44048764367874704,0.4625784821245894,0.4905357672946389,0.5091434029979833,0.6280306123932431,0.5063018428659456,0.43572115571532877,0.4138136437296178,0.4038223516524526,0.3640405098039231,0.37943993245496677,0.3712819049791163,0.4383793893872351,0.39007286714259215,0.38915623484193484,0.38768962316088307,0.3697236300679988,0.4374627570865778,0.3836564410379907,0.3265960605189322,0.5157431555627163,0.3504285174102636,0.43709610416631484,0.36504880533464623,0.36514046856471194,0.4906274305247047,0.43810439969703785,0.4650533893363643,0.46551170548669296,0.4341628808042113,0.4300380354512531,0.47440303880306933,0.3274668810076945,0.49200237897569066,0.49612722432864886,0.4352628395650001,0.5035519459639735,0.27897703230292004,0.1577065789259513,0.7369265297113374,0.7570007770957337,1.0,0.7800082478422334,0.7875246327076237,0.7542508801937616,0.7722168732866459,0.7497593819205406,0.7295934713060785,0.8367477872529241,0.5862321794832674,0.5386589630791503,0.5382006469288216,0.45964525876248585,0.43819606292710367,0.4843026676501688,0.4525871900474242,0.4269214856290181,0.5226178978176466,0.42912140315059577,0.4481415210708377,0.5292176503823796,0.39529765601394395,0.6893533133072205,0.605481457797072,0.6899032926876149,0.6081396914689783,0.45634538248011935,0.5349924143412089,0.5188595275099661,0.47962768114374876,0.4171135200119843,0.39914752691910005,0.41152206297797445,0.36688206993596095,0.3323250322011785,0.19235527989079948,0.3216004342834874,0.4554745795069034,0.47211145805142596,0.4731197535821491,0.4657866951768902,0.43572115571532877,0.4105137674472513
ProtSSN_k20_h512,0.4010266206191162,0.3927311008144986,0.37224436625755875,0.3730235063503653,0.3721527030271079,0.3781566472340465,0.3710069100040263,0.33800815246525406,0.3840230939582536,0.4088638293060681,0.43214628974276503,0.41225536881850033,0.4461707639428226,0.4533204958879501,0.4765112930945813,0.4946606126475971,0.6166643718650917,0.5020853342829217,0.43709610416631484,0.41757183616231297,0.40822218669560795,0.36019065414116225,0.3697236300679988,0.3674320493163554,0.44369585673104783,0.3830147984275305,0.3968559461674567,0.38429808364845086,0.35679911462873004,0.42792978115974123,0.391172825903381,0.33585404702782595,0.5160181452529136,0.3276960362584602,0.4316879735924364,0.3583573895398475,0.3479994445424194,0.4843026676501688,0.4260048533283607,0.443604193500982,0.46111187044353763,0.4267381591688866,0.42307162996625713,0.4685365920788622,0.31646729339980617,0.49282734804628237,0.4850359734906947,0.4425042347401932,0.5037352724241049,0.2885100082297566,0.1569732730854254,0.7314267359073934,0.7692836499245423,0.7800082478422334,1.0,0.817315182478988,0.8066822477913627,0.7871579797873609,0.7781749832409187,0.7526009420525783,0.8632384607419218,0.5953985024898409,0.5348091074163894,0.5233512036581724,0.450203946065715,0.42004674337408787,0.48439433088023465,0.4499289563755179,0.42316329319632295,0.5152848394123877,0.4150969289505382,0.44456665508325577,0.5194096847653458,0.3919977796483993,0.6970530246327422,0.6128145162023309,0.688803333926826,0.6080480282389126,0.44956230345525494,0.534534098171626,0.5046517215972293,0.47761108945538555,0.42728813854928105,0.39658095647725944,0.4111554100577115,0.36679040670589524,0.3322333689711128,0.18062238644238526,0.32957513529920635,0.43970850386936233,0.45872862646182855,0.46028690137294603,0.4590036161520257,0.4302213619113846,0.406113932404096
ProtSSN_k20_h768,0.41129290242960803,0.4070305647047534,0.39048534911727195,0.38915623484193484,0.38351894360300964,0.3922727846641698,0.3831064564743656,0.32123378136322445,0.3895228877621978,0.41482193926034094,0.45057059898597795,0.41234703204856604,0.4467207433232171,0.4684449288487965,0.4913607363652306,0.5095100559182463,0.6503964405292826,0.5279343651614592,0.4601035749128145,0.41913011107343057,0.4052889633335044,0.353315911886232,0.3679820286967498,0.3655987847150407,0.445345794872231,0.38099820736608436,0.39071450975305233,0.37989824860529553,0.3497410459136683,0.4401209907584841,0.3780649840039808,0.3193546651307876,0.53114257821376,0.34447040743096025,0.43709610416631484,0.3513909840548516,0.3499243723737998,0.49126907313516477,0.42737980177934676,0.45387047526834445,0.47211145805142596,0.4361794718656574,0.4344378704944084,0.4751363446435952,0.3364498775541366,0.4996104270711468,0.48521929995082624,0.4494706402251891,0.509968372068575,0.27320224880877875,0.15550666140437364,0.7440762616564649,0.7669004059428332,0.7875246327076237,0.817315182478988,1.0,0.7979742409351177,0.802374075978273,0.7879829488579525,0.7504010245310007,0.8676382957850771,0.6008982962937852,0.5572665987824947,0.5345341177261922,0.462395155664458,0.4170218567819186,0.4659700216370216,0.4486456711545975,0.41903844784336475,0.5055685370254197,0.41060543067731703,0.4586827925726821,0.516568124633308,0.3975892368233499,0.7066776637896446,0.6199642481474583,0.7055777050288558,0.6180393203160778,0.4626701453546551,0.529125967370548,0.5308674150878274,0.4902606191369362,0.4367294512460519,0.40006415921975746,0.42142169182507394,0.363765520113726,0.3357165717136107,0.1933635754215226,0.33800815246525406,0.4470415623054279,0.46230349243439217,0.4601035749128145,0.45561207663959347,0.43067967806171326,0.4101471145269884
ProtSSN_k20_h1280,0.4005683044668621,0.3937393963452216,0.36335303290382914,0.3663320905555666,0.3718777133357555,0.3781566472340465,0.36807368661727735,0.3315917263606526,0.3789816163046381,0.4037306884223869,0.43077134129177896,0.412713684968829,0.44122094951927293,0.4642284202657727,0.4871442277822067,0.5115266469796924,0.6137311485029882,0.5066684957862084,0.43315458527348816,0.41473027603027524,0.41005545129692267,0.3563407984784013,0.36669874347582954,0.36257389812287133,0.44048764367874704,0.3795315956850326,0.3861313482497656,0.37522342387194296,0.3500160356038655,0.4242632519571118,0.38741463347068583,0.33310415004498617,0.5138182277313359,0.3259544348798946,0.43727943062644625,0.35505751325748103,0.342224661048278,0.4833860353495115,0.4201384066041536,0.44213758181993024,0.46202850274419505,0.42279664027606,0.4217883447453369,0.4691782346893224,0.33113341021032394,0.49521059202799145,0.48457765734036606,0.42490489456757186,0.50126036521233,0.27650212509114525,0.15468169233378193,0.7366515400211402,0.7580090726264568,0.7542508801937616,0.8066822477913627,0.7979742409351177,1.0,0.7861496842566378,0.786424673946835,0.7581923990865882,0.8554470861863342,0.5931069217381976,0.542600481971977,0.5349007706464552,0.4484623446944661,0.41803015231264173,0.47449470203313515,0.44983729314545207,0.42481323133750615,0.5084100971574574,0.41555524510086683,0.44108345232612456,0.5173014304738339,0.3921811061131518,0.6820202549019616,0.6016316021343111,0.6635042824286829,0.5920069629774087,0.44727072270361146,0.5247261321425524,0.502451803262354,0.47266127349303966,0.4262798430185579,0.3886062554615404,0.40739721762501635,0.36349053042352875,0.3310417469802581,0.185938853786198,0.3406663861371605,0.4540079678196902,0.46881158176905946,0.47027819345011124,0.47046151991024276,0.42802144438980694,0.40153077090080924
ProtSSN_k30_h512,0.4248590605363295,0.4118887158982374,0.3788441188500178,0.3789816163046381,0.3775608336237063,0.3847563997987795,0.40281405110408497,0.337366509854794,0.3953893344864049,0.41720518324205,0.44800402854413734,0.41583023479106407,0.45222053712716126,0.49429395972733414,0.517576420164031,0.5385672998490847,0.6588294576953304,0.5250928050294215,0.4428708876604561,0.4225216505858628,0.41399697018974935,0.36266556135293715,0.37687336201312616,0.36944864037780156,0.4485540079245318,0.38512305271904246,0.3903478568327894,0.3886062554615404,0.3583573895398475,0.44378751996111354,0.38750629670075154,0.3256794281913189,0.5287593342320509,0.34272880605239464,0.44048764367874704,0.3629405510431343,0.3583573895398475,0.504743567954828,0.4393876849179582,0.46560336871675867,0.47376139619260926,0.43966267460815545,0.4335212381937511,0.49365231711687396,0.3623905716627399,0.5118016366698896,0.5092350662280491,0.43627113509572313,0.5119849631300212,0.27173563712772697,0.15825655830634566,0.7567257874055364,0.7457261997976481,0.7722168732866459,0.7871579797873609,0.802374075978273,0.7861496842566378,1.0,0.7791832787716418,0.7637838561205982,0.8568220346373203,0.6056647842572034,0.5624914028962418,0.5477336228556582,0.4659700216370216,0.4382877261571694,0.48934414530378434,0.4626701453546551,0.4395710113780896,0.5164764614032422,0.4249965577976377,0.4600577410294444,0.5243594991888956,0.4064805703638452,0.7061276844092501,0.6152894234141058,0.6932948322000472,0.6107062619108189,0.46386176734550977,0.5322425173237116,0.5273842110576081,0.4923688740838613,0.43324624850355387,0.39988083275962594,0.4187634581531676,0.36669874347582954,0.3341582968024932,0.19024702559928752,0.3368165304743995,0.46207433209936244,0.47440303880306933,0.4772445989351072,0.4707365096004399,0.44204591858986453,0.4154635818708011
ProtSSN_k30_h768,0.39525183710071454,0.39163114205370975,0.36142810506436196,0.36358219365359445,0.37114440749214883,0.37916494276476964,0.3747651024682983,0.33140839990052107,0.3789816163046381,0.40492231041324145,0.4395710113780896,0.41088042036751427,0.43801273646697214,0.4640450938056412,0.4890691556135871,0.5107016779091009,0.636005313408962,0.5146431968019275,0.44048764367874704,0.42059672275448234,0.4071222279348191,0.3539575544966922,0.3714652314392478,0.36202391874247697,0.43232961620289656,0.3828314719673991,0.388056276081146,0.3828314719673991,0.3534075751162977,0.4205050595244165,0.37916494276476964,0.32082127685496875,0.5095100559182463,0.32650441426259946,0.43214628974276503,0.3556074926378754,0.3433246198090668,0.47696960924490994,0.4205050595244165,0.43572115571532877,0.4557037398696592,0.42417158872704597,0.4211467021348767,0.4657866951768902,0.3260002693266427,0.49282734804628237,0.484944310260629,0.4134469908093549,0.4897107982240473,0.2729272591185815,0.15165680574161267,0.738118151702192,0.7215271070602938,0.7497593819205406,0.7781749832409187,0.7879829488579525,0.786424673946835,0.7791832787716418,1.0,0.7972409350945918,0.8470140690202865,0.572482694973407,0.5294926400725768,0.5217012655169893,0.4544204546487389,0.4128970114289605,0.46881158176905946,0.43874604230749803,0.41573857156099825,0.49521059202799145,0.4120720423583688,0.4359503114208787,0.5015353549025272,0.3875062812619635,0.6826618975124217,0.5970484406310242,0.6616710178273681,0.5883404337747793,0.4435125302709163,0.512259932329898,0.5055683542367607,0.47201963068310593,0.42307162996625713,0.39263943758443276,0.4095054719165282,0.35762408369932164,0.3256336164063798,0.19189696374047083,0.3283835133083518,0.4407167994043213,0.4515788945167011,0.4517622209768326,0.45231220035722697,0.4237132725767173,0.39749758877791685
ProtSSN_k30_h1280,0.39158530788268175,0.3873229702406201,0.35528666862415703,0.3566157881685985,0.35702827000272264,0.3641321730339889,0.37815664200922683,0.33626655109400516,0.3789816163046381,0.4044639942629128,0.4369127777061833,0.41418029664988076,0.4382877261571694,0.4624868188945237,0.4955772449482544,0.5220679184372521,0.6298638769945577,0.5201429906058717,0.4410376230591414,0.432512942663028,0.41482193926034094,0.3631238775032658,0.3811815338262158,0.3724735269699708,0.4440625096513108,0.39502268156614195,0.3954809977164706,0.39071450975305233,0.36358219365359445,0.42004674337408787,0.3906228465229866,0.33429577207088346,0.5102433617587722,0.3246711496535831,0.4369127777061833,0.3649571421045805,0.3490994033032082,0.482194413358657,0.4285714237702013,0.4395710113780896,0.4552454237193305,0.4235299461165859,0.4119803791283031,0.4724781109716889,0.32719189131749726,0.4900774511443102,0.4856776161011549,0.38319812488766203,0.47211145805142596,0.252944674964251,0.14258214596510477,0.7385764678525207,0.721802096750491,0.7295934713060785,0.7526009420525783,0.7504010245310007,0.7581923990865882,0.7637838561205982,0.7972409350945918,1.0,0.8195151000005657,0.5692744819211062,0.5269260696307361,0.5168431143235052,0.4410376230591414,0.41977175368389064,0.4730280903520834,0.4500206196055836,0.4183968052329047,0.48375268826977447,0.4195884272237592,0.4322837822028459,0.4838443514998402,0.36752369660394324,0.6640542618090772,0.5776158358570882,0.6500297876090197,0.5718410523629468,0.4318713000525678,0.48677755330108985,0.48833566061357025,0.4683531003406275,0.41656354063158996,0.3963059667870622,0.40318070904199244,0.36999861975819603,0.34121636551755485,0.18694714931692102,0.32279205627434193,0.44346669631784597,0.45222053712716126,0.4468124065532828,0.45359548557814733,0.4203217330642851,0.38677299086022565
ProtSSN_ensemble,0.4167010330262064,0.4087721660760023,0.38076904668948497,0.3822814925870046,0.3823273216071489,0.38933956130206626,0.3940143809438382,0.3457995270208417,0.3980475681583112,0.4234382828865201,0.451945547436964,0.42646316947868945,0.4591869426121572,0.4880608600828641,0.5136349012712045,0.5354507500268496,0.6658875264103921,0.5365507087876384,0.45891195292195996,0.43379622788394834,0.4217883447453369,0.3707319255987219,0.38420642041838504,0.37769833108371786,0.45634538248011935,0.39648929324719373,0.4020807502812036,0.39318941696482723,0.3657821111751721,0.44305421412058765,0.3994225166092973,0.3401622189676081,0.536000729407244,0.3465786617313291,0.45038727252584654,0.36926531391767015,0.3604656438313595,0.5034602827339076,0.4411292862892072,0.4615701865938663,0.47770291508543583,0.44213758181993024,0.4358128189453945,0.4947522758776628,0.3457078637907759,0.5142765438816645,0.5091434029979833,0.4416792656696016,0.5197763376856087,0.2829185511957467,0.15642329370503094,0.8112654092946494,0.8133736635861614,0.8367477872529241,0.8632384607419218,0.8676382957850771,0.8554470861863342,0.8568220346373203,0.8470140690202865,0.8195151000005657,1.0,0.6152894234141058,0.564141341037425,0.5525001108190766,0.4709198360605714,0.4392043584578267,0.4963105507887803,0.47110316252070283,0.4386543790774323,0.5246344888790928,0.4326962691231595,0.45776616026817385,0.53114257821376,0.4025390513716669,0.7255602891831863,0.6273889697827828,0.715568997106021,0.6224391553592331,0.4649617261062986,0.54406707449895,0.5292174763366709,0.49466045554791027,0.4407626333689443,0.40648058532435893,0.42389659903684884,0.37687336201312616,0.34295796688880387,0.19272193281106242,0.33883312153584577,0.46555753485649354,0.48191942366845975,0.48045281198740797,0.4799028326070135,0.4452541316421653,0.41555524510086683
SaProt_650M_AF2,0.38397725975526364,0.38833126577134325,0.3699527854962882,0.36614876409543506,0.3539117201673947,0.35863237923004476,0.41564690342111155,0.3198588329122384,0.3582657263097818,0.3847563997987795,0.4202300698342194,0.4039140148825183,0.42462990487737473,0.5215179390568577,0.547458633165461,0.58531554718261,0.5878821176244506,0.49117740990509906,0.4183968052329047,0.39328108019489294,0.386314674709897,0.3513909840548516,0.36514046856471194,0.3555158294078097,0.41573857156099825,0.36954030360786727,0.38933956130206626,0.3762317194026661,0.35514917648754674,0.41152206297797445,0.33626655109400516,0.25097389349083976,0.47871121061615896,0.3280626891802635,0.42994637222118737,0.35294925896596907,0.33544158202341345,0.4705531831403085,0.42334661965645437,0.43407121757414546,0.44479581549183667,0.4159218980211298,0.40556395302370163,0.5174847569339653,0.3943810389556818,0.5037352724241049,0.5535084063497996,0.429396392840793,0.4871442277822067,0.3010678707487625,0.16632292255213044,0.5756909080257078,0.5621247499759787,0.5862321794832674,0.5953985024898409,0.6008982962937852,0.5931069217381976,0.6056647842572034,0.572482694973407,0.5692744819211062,0.6152894234141058,1.0,0.682570234282356,0.5664329217890685,0.5305009356032999,0.4508455886761752,0.4856776161011549,0.4751363446435952,0.4526788532774899,0.5462670111746064,0.4400293275284184,0.4242174179231737,0.530775925293497,0.40418898955443927,0.6607543855267108,0.5675328805498572,0.6286722550037032,0.558916536923678,0.4059306059439646,0.5626747109840149,0.5079515990995424,0.4919105577910514,0.42059672275448234,0.38090654413601854,0.4072138911648848,0.35203262666531177,0.3309500837501924,0.2165543726281538,0.3326916851214414,0.4639992599388296,0.4988771212306209,0.5114349837496268,0.50126036521233,0.45387047526834445,0.42307162996625713
SaProt_35M_AF2,0.39571015325296865,0.3424996507384752,0.3180713970611241,0.3085842556141528,0.2996470877405092,0.30546770579191784,0.48182775608463435,0.26339428319174496,0.318575547691318,0.33608322463387363,0.35863237923004476,0.34451624179992135,0.35524083971761244,0.5998900007630621,0.6194142687670638,0.6319721312860697,0.563774688117162,0.45469544433893616,0.3755900767922059,0.3648654788745148,0.3389247847659115,0.29575140340494976,0.30152618689909116,0.3028094721200114,0.36019065414116225,0.30235115596968276,0.3227003930442762,0.3084009291540214,0.29712635185593583,0.36679040670589524,0.27228561650812133,0.2059672462050296,0.43810439969703785,0.30450523895440273,0.37329849604056253,0.297767994466396,0.29382647557356933,0.42407992549698026,0.37504009741181144,0.39832255784850845,0.38163984997654443,0.35624913524833557,0.35194096343524595,0.5596498427642039,0.46615334809715314,0.45561207663959347,0.5560749767916402,0.39016453037265797,0.42719647531921534,0.2655025374832569,0.15660662016516247,0.5242678359588298,0.5168431143235052,0.5386589630791503,0.5348091074163894,0.5572665987824947,0.542600481971977,0.5624914028962418,0.5294926400725768,0.5269260696307361,0.564141341037425,0.682570234282356,1.0,0.4940189700371369,0.5398505850700049,0.47192813159129454,0.48686923809200944,0.4790778635364219,0.4624868188945237,0.5236261933483697,0.45304550619775286,0.37288600887071444,0.5023603239731189,0.31912550990928845,0.5914569835970143,0.5001604064515413,0.5645079939576879,0.48677757486194373,0.37348182250069395,0.5097850250141505,0.48246921172056934,0.44562061221726124,0.35102433113458864,0.3110591628259277,0.34029973321689755,0.2929098432729119,0.2974930047761988,0.23791190523347028,0.29895961645725055,0.46821576853956737,0.4872358910122724,0.4722947845115575,0.4443374993415079,0.41088042036751427,0.3646821524143833
PoET,0.5611622842166989,0.556166640021706,0.5176222497525593,0.5270177328608019,0.5742701261711662,0.5876987911643192,0.3917228001729406,0.4375544203166435,0.5611164544452557,0.6052981313369405,0.5647829836478852,0.6251890522612051,0.6653375470299976,0.4508455886761752,0.467253306857942,0.48943580853385005,0.5550666812609171,0.5171181040137024,0.4733030800422805,0.5557083238713773,0.565882942408674,0.5415005232111882,0.5564416297119031,0.5476419596255925,0.5877904543943848,0.5609331279851242,0.5623080764361102,0.5639580145772936,0.539117279229479,0.6095146399199644,0.5221595816673179,0.40698471565061345,0.5910903306767514,0.431183823437436,0.5982400626218788,0.536000729407244,0.523167877198041,0.6820202549019616,0.6334387429671214,0.6490214920782966,0.6849534782640652,0.6543379594221093,0.6470965642469162,0.5898987086858969,0.33938310091624013,0.6499381243789539,0.6484715126979022,0.4071222279348191,0.5631330455067018,0.2571611835472749,0.1569732730854254,0.517576420164031,0.5007103858319356,0.5382006469288216,0.5233512036581724,0.5345341177261922,0.5349007706464552,0.5477336228556582,0.5217012655169893,0.5168431143235052,0.5525001108190766,0.5664329217890685,0.4940189700371369,1.0,0.4765112930945813,0.4153719186407353,0.4476373756238744,0.43902103199769527,0.42142169182507394,0.5160181452529136,0.41225536881850033,0.6200100781661254,0.5815573547499149,0.5753242444008795,0.600623306603588,0.6880700280863001,0.5956734921800382,0.6821119181320273,0.6393051896913285,0.4865942268332567,0.684036729153525,0.6603876270279354,0.6261056845618626,0.592923595278066,0.601264949214048,0.5242678359588298,0.4451624684120996,0.21682936231835104,0.5126266057404814,0.5862780093602236,0.6256473684115339,0.6548879388025037,0.6562628872534897,0.6482881862377707,0.6421467498233664
MULAN_small,0.31477152076489456,0.3242586679553937,0.31275492969497654,0.30950088791481023,0.29607222175292724,0.3018928398193541,0.44525412698110856,0.26486089487279674,0.31151747897625637,0.3376414995449911,0.3409413758273576,0.36284888781306857,0.3706402623686561,0.4864109219416808,0.49841880508029224,0.4999770799914097,0.5021769975129874,0.4369127777061833,0.3499243723737998,0.32123378136322445,0.3332416645018358,0.3067509910128381,0.3144507023383599,0.3086759188442185,0.35707410431892717,0.3177505786207264,0.3273752177776287,0.32609193255670843,0.3060176851723122,0.361657265822214,0.2743022075695676,0.19725923909270382,0.4229799667361914,0.30129702588862395,0.3837481042680564,0.30299279858014294,0.298776289997119,0.4128970114289605,0.36037398060129366,0.37522342387194296,0.38594802178963405,0.35698244108886146,0.3482744342326165,0.44983729314545207,0.40556395302370163,0.41326366434922346,0.45616205601998794,0.3564324617084671,0.39080617298311804,0.2298455409876855,0.13506576109971447,0.442595897970259,0.43159631036237067,0.45964525876248585,0.450203946065715,0.462395155664458,0.4484623446944661,0.4659700216370216,0.4544204546487389,0.4410376230591414,0.4709198360605714,0.5305009356032999,0.5398505850700049,0.4765112930945813,1.0,0.40006415921975746,0.4079471970054107,0.39098949944324957,0.3657821111751721,0.42802144438980694,0.36367385688366016,0.37096108103124725,0.4134469908093549,0.34717445901641786,0.5115266469796924,0.4515788945167011,0.49273568481621655,0.44149593920947017,0.3664237537856323,0.44855398475787756,0.4326960593940141,0.4075803599140475,0.35872404246011047,0.3358082349436764,0.3442412521097241,0.29978458552784215,0.28823501853955946,0.22627067501512188,0.28997661991080836,0.4253173766885836,0.4544204546487389,0.45698702509057954,0.4461707639428226,0.4152802554106696,0.3796232589150983
ProSST-20,0.3248544761144847,0.28566844809771885,0.25436545189780413,0.25587789832635455,0.25381547251509917,0.2578028261577351,0.40043080710235146,0.27494385018002765,0.2983179738467904,0.30794261300369263,0.3083092659239556,0.317567252160595,0.3343416232626246,0.48531096318089195,0.4865025851717465,0.4698198772997826,0.42279664027606,0.3450662211803158,0.2893349773003483,0.32462532087565665,0.32609193255670843,0.30262614565988,0.3240753414952622,0.32132544459329015,0.33452494972275615,0.3152756714089515,0.3257252796364455,0.32471698410572236,0.3293001456090092,0.31060084667559906,0.2903432728310713,0.2423575496112753,0.3557908190980069,0.24611576115723033,0.35056601498426,0.31151747897625637,0.322425403354079,0.3763233826327318,0.35679911462873004,0.3732068328104967,0.33709152016459676,0.33140839990052107,0.30803427623375845,0.4448874787219024,0.4481873550042689,0.3583573895398475,0.4394793481480239,0.3243503311854594,0.3342499600325589,0.21747100492881122,0.13167422158728226,0.43306292204342245,0.4060222691740303,0.43819606292710367,0.42004674337408787,0.4170218567819186,0.41803015231264173,0.4382877261571694,0.4128970114289605,0.41977175368389064,0.4392043584578267,0.4508455886761752,0.47192813159129454,0.4153719186407353,0.40006415921975746,1.0,0.5982400626218788,0.5738576434243929,0.5510334991380248,0.4833860353495115,0.5208762964463975,0.3229295482750175,0.46056189106314327,0.28090194200839624,0.43388789111401405,0.40226407674133513,0.42976304576105595,0.401255781210612,0.32948347206914064,0.39172277972960035,0.35670721357686075,0.35093246612275575,0.29630138278534424,0.3018011765892884,0.30060955459843375,0.28988495668074266,0.27815206323232844,0.19033868882935334,0.22627067501512188,0.3955268267920671,0.4138136437296178,0.4137219804995521,0.40327237227205814,0.3704569359085247,0.35038268852412846
ProSST-128,0.3448370603527635,0.31555066109914875,0.28525596055973046,0.28640175393824474,0.2762729639755501,0.28805169207942793,0.37806497877839096,0.3232503724246706,0.3274668810076945,0.33965809060643737,0.3482744342326165,0.3556991558679412,0.3798065853752297,0.46294513504485235,0.46551170548669296,0.4648700628762328,0.449195650534992,0.36954030360786727,0.3165589566298719,0.3641321730339889,0.3712819049791163,0.34433291533978994,0.36184059228234544,0.3512993208247859,0.36779870223661837,0.35514917648754674,0.3606489702914909,0.3655071214849749,0.3558824823280726,0.3424079875084094,0.3398414170665688,0.28323935142282586,0.38833126577134325,0.2604152251075582,0.3823731558170703,0.3475411283920906,0.348824413613011,0.40492231041324145,0.39007286714259215,0.3930060905046957,0.3715568946693135,0.36092395998168814,0.3384664686155828,0.4442458361114422,0.38998120391252644,0.41885512138323333,0.46138686013373487,0.3465328328613676,0.38750629670075154,0.24414500487794033,0.14019890198339569,0.48191942366845975,0.46386176734550977,0.4843026676501688,0.48439433088023465,0.4659700216370216,0.47449470203313515,0.48934414530378434,0.46881158176905946,0.4730280903520834,0.4963105507887803,0.4856776161011549,0.48686923809200944,0.4476373756238744,0.4079471970054107,0.5982400626218788,1.0,0.628763918233769,0.5955818289499725,0.5252761314895529,0.5830239664309667,0.3504285174102636,0.49612722432864886,0.3132590630372091,0.48366102503970876,0.4417709288996673,0.4797195061468821,0.4433292038107849,0.3583573895398475,0.433521214395559,0.39034763144766327,0.39621411585236443,0.3417663448979493,0.3405747229070947,0.3450662211803158,0.33452494972275615,0.30904257176448147,0.15486501879391346,0.2687107505355576,0.41019294366419823,0.42985470899112166,0.42389659903684884,0.41903844784336475,0.40748888085508206,0.3670653963960925
ProSST-512,0.3348457682336241,0.3044594102611947,0.2729730876793206,0.27806040000226273,0.27654795366690255,0.2819102556650236,0.38182317124266296,0.32132544459329015,0.3257252796364455,0.3325083586613099,0.34121636551755485,0.338374805385517,0.36284888781306857,0.45377881203827874,0.45552041340952776,0.4508455886761752,0.43150464713230485,0.36174892905227973,0.317567252160595,0.35432420741695514,0.36944864037780156,0.3417663448979493,0.3545991971071524,0.3448828947201843,0.37916494276476964,0.3506576782143257,0.3624822348928056,0.36431549949412034,0.34689948578163055,0.3431412933489353,0.33113341021032394,0.2802144647417022,0.3828314719673991,0.26637333508686156,0.38833126577134325,0.34286630365873816,0.3343416232626246,0.40583894271389875,0.3820065028968074,0.3788899530745724,0.3707319255987219,0.3556074926378754,0.32948347206914064,0.4411292862892072,0.3948393551060104,0.4101471145269884,0.4395710113780896,0.36009899091109654,0.391172825903381,0.25441128664530277,0.13845730061214667,0.4658783584069559,0.43966267460815545,0.4525871900474242,0.4499289563755179,0.4486456711545975,0.44983729314545207,0.4626701453546551,0.43874604230749803,0.4500206196055836,0.47110316252070283,0.4751363446435952,0.4790778635364219,0.43902103199769527,0.39098949944324957,0.5738576434243929,0.628763918233769,1.0,0.6109812516010161,0.5255511211797501,0.590173698376094,0.3526284349410832,0.5036436091940392,0.30858423818602077,0.47211145805142596,0.43627113509572313,0.46688665393767903,0.43892936876762956,0.3465328328613676,0.44818733182221127,0.37833974386980185,0.37888975998415386,0.33360831742209873,0.3249003105658539,0.3357165717136107,0.3359915614038079,0.31545899786908305,0.1759475617090327,0.2672441388545058,0.4097346275119441,0.42160501828520536,0.4245382416473089,0.4086805028459366,0.3943810389556818,0.3698152932980645
ProSST-1024,0.3296209640979274,0.3108758363657962,0.26848158938723043,0.2710939945172668,0.28131444165034525,0.28401850995653555,0.3479077758333785,0.32618359578677414,0.3275585442377602,0.33864979507571424,0.351574310514983,0.35276593250583765,0.3657821111751721,0.41152206297797445,0.4143636231100123,0.4270131488590838,0.4053806265635701,0.3523076163555089,0.32453365764559094,0.3521242898953775,0.3589990321503077,0.34433291533978994,0.3558824823280726,0.35175763697511453,0.3606489702914909,0.3465328328613676,0.3597323379908336,0.3546908603372181,0.34378293595939546,0.33534991879334775,0.330766757290061,0.27095647823280844,0.3705485991385904,0.24639075084858275,0.37659837232292903,0.3474494651620249,0.3407580493672262,0.3935560698850902,0.3853063791791739,0.3789816163046381,0.3649571421045805,0.3555158294078097,0.331775052820784,0.397772578468114,0.34864108715287945,0.38741463347068583,0.41060543067731703,0.3541408809568236,0.3722902005098394,0.24900315607142443,0.13259085388793956,0.42884641346039853,0.4086805028459366,0.4269214856290181,0.42316329319632295,0.41903844784336475,0.42481323133750615,0.4395710113780896,0.41573857156099825,0.4183968052329047,0.4386543790774323,0.4526788532774899,0.4624868188945237,0.42142169182507394,0.3657821111751721,0.5510334991380248,0.5955818289499725,0.6109812516010161,1.0,0.5283010180817223,0.5875154647041877,0.3445620706614111,0.4997937535312783,0.30051787373691163,0.4434208670408506,0.41995508014402216,0.44085429659901,0.42224666089566554,0.33855813184564854,0.41308031323216254,0.34836585655712493,0.36834848524952835,0.3375498363149254,0.3326916851214414,0.3407580493672262,0.3293001456090092,0.30216782950955134,0.16118978166844922,0.2868600700885734,0.3840689229857145,0.4062972588642275,0.39676428293739097,0.3864063379399627,0.37586506648240314,0.36999861975819603
ProSST-2048,0.3981850604751408,0.3822814925870046,0.36161143152526365,0.36275722458300286,0.3595948404553455,0.36275722458300286,0.3586323738411793,0.34616617994110466,0.3771483517033234,0.39236444789423564,0.416196887711327,0.41647187740152414,0.43902103199769527,0.4452541316421653,0.456803698630448,0.463403451195181,0.47385305942267497,0.4095054719165282,0.36954030360786727,0.39401438603541883,0.41583023479106407,0.3848480630288452,0.39328108019489294,0.3897062142223292,0.43975433783822115,0.3910811626733153,0.4111554100577115,0.4070305647047534,0.38677299086022565,0.4194967639936935,0.36834868161701273,0.29543056138008195,0.45359548557814733,0.33383747269866515,0.4560703927899221,0.36935697714773585,0.3755900767922059,0.4773362621651729,0.4319629632826336,0.4501122828356493,0.4508455886761752,0.41995508014402216,0.4088638293060681,0.4872358910122724,0.3316833895907183,0.47119482575076865,0.5108850043692323,0.41894678461329904,0.4534121591180158,0.26412758903227085,0.15761491569588548,0.4957605714083859,0.47522800787366104,0.5226178978176466,0.5152848394123877,0.5055685370254197,0.5084100971574574,0.5164764614032422,0.49521059202799145,0.48375268826977447,0.5246344888790928,0.5462670111746064,0.5236261933483697,0.5160181452529136,0.42802144438980694,0.4833860353495115,0.5252761314895529,0.5255511211797501,0.5283010180817223,1.0,0.514826523262059,0.447499878457682,0.8348228594215437,0.4259131756276081,0.5448003994935546,0.5239011830385669,0.5534167431197339,0.5338008118856663,0.4351711763349343,0.5056601794879045,0.4823775484566162,0.4738528958543452,0.4150969289505382,0.3910811626733153,0.41573857156099825,0.3672487228562239,0.3416746816678835,0.20234657196796468,0.3455245373306445,0.4687657479222722,0.48439433088023465,0.495393918488123,0.48017782229721073,0.4458041110225597,0.4351711763349343
ProSST-4096,0.31083000185550924,0.2917182212820574,0.2578486546549352,0.2637609361120079,0.2655483660128042,0.269627382836215,0.3320500368987671,0.33205004251098125,0.3168339463200691,0.32361702534493353,0.3381914789253856,0.3440579256495927,0.3546908603372181,0.3839314307281879,0.3947476918759447,0.4105137674472513,0.366515417015698,0.3209587916730272,0.2787937058427886,0.3591823586104391,0.37329849604056253,0.3638571833437917,0.3787982898445067,0.3688069977673414,0.35771574692938735,0.3757734032523373,0.3724735269699708,0.3855813688693711,0.3646821524143833,0.31793390508085795,0.3375498363149254,0.2776478942243851,0.35780741015945305,0.25069892267977134,0.3787982898445067,0.3696319668379331,0.3491910665332739,0.3862230114798313,0.38823960254127743,0.3715568946693135,0.3514826472849173,0.3482744342326165,0.3174755889305292,0.3888812451517376,0.3217837607436188,0.3746734444915485,0.4072138911648848,0.3457078637907759,0.3780649840039808,0.28383518349640413,0.1393739329128041,0.42747146500941247,0.3987808739988371,0.42912140315059577,0.4150969289505382,0.41060543067731703,0.41555524510086683,0.4249965577976377,0.4120720423583688,0.4195884272237592,0.4326962691231595,0.4400293275284184,0.45304550619775286,0.41225536881850033,0.36367385688366016,0.5208762964463975,0.5830239664309667,0.590173698376094,0.5875154647041877,0.514826523262059,1.0,0.33099591255468974,0.48604426902141784,0.279252003825624,0.4268298223989524,0.40739721762501635,0.4218800079754026,0.4054722897936358,0.31976716968217267,0.4208716881150716,0.3380079077304201,0.3555156290508539,0.32380035180506506,0.32948347206914064,0.3358082349436764,0.3466244960914333,0.31958384322204114,0.1643063314906843,0.2910765786715972,0.4097346275119441,0.41720518324205,0.4014391076707434,0.4013474444406777,0.38998120391252644,0.3512993208247859
ESCOTT,0.5987900377884915,0.634492868577355,0.6047481478053405,0.610018786046986,0.622530814624859,0.6421925799352238,0.2969888451972301,0.43934185094755906,0.5774783392369449,0.6115770609646499,0.5627205591343629,0.5718868821794448,0.6300013702852647,0.3418121737478864,0.3521701187888291,0.3554699950850586,0.4532746619760837,0.4717906345271493,0.46445757609108373,0.5457628615009611,0.5454878718096087,0.5220220848141988,0.5268802360280922,0.5180805659048134,0.5862780093602236,0.5403547309043628,0.5353132532295677,0.5327466827769447,0.5052477136416986,0.8625509859389953,0.5288968270980102,0.43031299761853303,0.5635455282084203,0.4095054657147503,0.5666620780437481,0.48948163800415756,0.5191805246702232,0.6805078102636666,0.6203767310879287,0.6673999683091993,0.7041569237199783,0.6734497415189535,0.6902241126914536,0.4751821740538297,0.22677481953210732,0.5820615007594858,0.5211054525096905,0.370594428109444,0.5089142428597315,0.18231815276345953,0.13401163031587737,0.43741692310809177,0.43393372035096067,0.4481415210708377,0.44456665508325577,0.4586827925726821,0.44108345232612456,0.4600577410294444,0.4359503114208787,0.4322837822028459,0.45776616026817385,0.4242174179231737,0.37288600887071444,0.6200100781661254,0.37096108103124725,0.3229295482750175,0.3504285174102636,0.3526284349410832,0.3445620706614111,0.447499878457682,0.33099591255468974,1.0,0.5079059473247725,0.634767844459402,0.4780237341978051,0.629359727672109,0.49727301259247736,0.640084325634855,0.7036069443372732,0.3996516343307366,0.592235893217306,0.6039688281602935,0.6010357894628056,0.58251981691174,0.5970942705534203,0.5012145315018626,0.4043264969153457,0.17901827646723,0.5061643459462069,0.5007103805880542,0.526971899258543,0.5440212601223955,0.5475044628795267,0.5421879955133792,0.5481461054926824
VenusREM,0.4632659540952231,0.4360878086355917,0.4053347924503048,0.40996378806685696,0.4502497753712066,0.45781199416117113,0.35157430506681464,0.36092395998168814,0.4260048533283607,0.445345794872231,0.4700948669899798,0.46789494946840215,0.49356065388680825,0.4320546265126993,0.4468124065532828,0.44873733438466323,0.4908107569848361,0.4369127777061833,0.39841422107857416,0.42279664027606,0.45313716942781856,0.40253906643153226,0.40758054408514777,0.40235573997140084,0.48026948552727644,0.41069709390738285,0.4203217330642851,0.4271048120891495,0.3963059667870622,0.47531967110372675,0.4027223928916638,0.325404438493035,0.47018653022004553,0.37380264117522266,0.49447728618746556,0.3873229702406201,0.3913561523635125,0.5345341177261922,0.46542004225662725,0.4940189700371369,0.5283010180817223,0.4865025851717465,0.49191071574562495,0.5195013479954116,0.3217837607436188,0.5260094373300788,0.5465420008648036,0.42472156810744044,0.4875108807024696,0.2496447986818845,0.15752325246581977,0.49759383600970064,0.478344557695896,0.5292176503823796,0.5194096847653458,0.516568124633308,0.5173014304738339,0.5243594991888956,0.5015353549025272,0.4838443514998402,0.53114257821376,0.530775925293497,0.5023603239731189,0.5815573547499149,0.4134469908093549,0.46056189106314327,0.49612722432864886,0.5036436091940392,0.4997937535312783,0.8348228594215437,0.48604426902141784,0.5079059473247725,1.0,0.5097850332518679,0.5541500489602598,0.598881705232339,0.5588248736936123,0.6040148461160202,0.5202346538359375,0.49686050903191326,0.5496583841982212,0.5261009532346628,0.4843026676501688,0.42994637222118737,0.4558870663297907,0.3910811626733153,0.3589990321503077,0.20390484687908228,0.3811815338262158,0.4905815967695675,0.5066684957862084,0.5213346125967262,0.5100600352986406,0.47192813159129454,0.4842110044201031
RSALOR,0.48297352909355196,0.5368256868028587,0.5189971800227664,0.5287593223537496,0.5702369277821324,0.581190691272959,0.2534029472034488,0.33351663739235815,0.4504789219044405,0.4794445033353324,0.4589119392830546,0.4837526752570157,0.5325175148811754,0.29510974302671344,0.2919931931259213,0.2978596399980007,0.4012557661183995,0.3986891956118648,0.40043079702701334,0.41491358774245934,0.42334660512107347,0.39612262510533014,0.4029973675335481,0.387322954797211,0.4645033964580052,0.4175718214813703,0.41903843319939016,0.40959712026463735,0.3890645562123596,0.5798157427873153,0.4421375677582027,0.36445290355988946,0.46285345827523294,0.3904853260717265,0.4550620835232525,0.36679039074493325,0.3754067345882999,0.5360007177114725,0.47165312858335195,0.5180347241657295,0.5901736880458304,0.5579998934817701,0.5890737292573156,0.4263714917894893,0.19345521832146317,0.4844859811160256,0.4559787158470149,0.3918144531836468,0.4590036025154308,0.23397036703176133,0.14652364334482826,0.3829231196431515,0.3731151537788938,0.39529765601394395,0.3919977796483993,0.3975892368233499,0.3921811061131518,0.4064805703638452,0.3875062812619635,0.36752369660394324,0.4025390513716669,0.40418898955443927,0.31912550990928845,0.5753242444008795,0.34717445901641786,0.28090194200839624,0.3132590630372091,0.30858423818602077,0.30051787373691163,0.4259131756276081,0.279252003825624,0.634767844459402,0.5097850332518679,1.0,0.4447958014971136,0.5828406294557312,0.4685365786825598,0.5930152482494939,0.5897153718839492,0.39126437149565396,0.5595575171155,0.5096010969673075,0.5107016655756302,0.4825610532361245,0.4923690191003822,0.3798982329747356,0.3315000462800808,0.16173973991928414,0.42362159481820216,0.412667828679538,0.4455291073561235,0.47660294313166895,0.4834776855598869,0.46349510090186663,0.49539390576879816
S2F,0.4296255485197721,0.4101471145269884,0.3923186137262883,0.3887895819216719,0.387368799281944,0.39493101833607624,0.4150969240360961,0.3232503724246706,0.41234703204856604,0.439112695227761,0.4518538842068983,0.43553782925519724,0.46294513504485235,0.5092350662280491,0.5313259046738914,0.554425038650457,0.7116274782131944,0.5497502139171044,0.46047022783307745,0.42325495642638866,0.4235299461165859,0.37009028298826174,0.3853063791791739,0.37916494276476964,0.4558870663297907,0.38988954068246073,0.41069709390738285,0.39172280528377545,0.37357348573075966,0.4566203721703166,0.3840230939582536,0.3088133933632353,0.5456253685641463,0.3721527030271079,0.45368714880821304,0.358174063079716,0.36431549949412034,0.5104266882189037,0.44131261274933864,0.46945322437951964,0.48366102503970876,0.4458041110225597,0.44323754058071907,0.5243594991888956,0.37348182250069395,0.5383839733889532,0.5389339527693475,0.47376139619260926,0.539483932149742,0.29400980203370075,0.1710894105155487,0.6525046948207945,0.6643292514992745,0.6893533133072205,0.6970530246327422,0.7066776637896446,0.6820202549019616,0.7061276844092501,0.6826618975124217,0.6640542618090772,0.7255602891831863,0.6607543855267108,0.5914569835970143,0.600623306603588,0.5115266469796924,0.43388789111401405,0.48366102503970876,0.47211145805142596,0.4434208670408506,0.5448003994935546,0.4268298223989524,0.4780237341978051,0.5541500489602598,0.4447958014971136,1.0,0.7021861655164234,0.8330812580502946,0.6713873202143361,0.47605297694425264,0.5577248963525199,0.5649661492783957,0.5325173813340001,0.45377881203827874,0.4218800079754026,0.4336129014238168,0.36679040670589524,0.34103303905742344,0.21517942417716773,0.3522159531254432,0.4639075967083788,0.4881525233129298,0.4855859528710892,0.4880608600828641,0.4592786058422229,0.44378751996111354
S2F_MSA,0.5983775557797318,0.6407718013723803,0.591686139956822,0.6035565299656915,0.6707915078358797,0.692286536669324,0.36468214707634894,0.4085888396158709,0.5459920214844092,0.5805490592191918,0.5568999458622319,0.5634996984269649,0.6041065093460859,0.4336129014238168,0.45377881203827874,0.46606168486708743,0.5886154234649765,0.5504835197576303,0.5062101796358798,0.5220679184372521,0.5026353136633162,0.460653554293209,0.47788624154556736,0.47036985668017695,0.5393006056896106,0.48595260579135213,0.48769420716260115,0.4790778635364219,0.45964525876248585,0.6156560763343686,0.4863192587116151,0.3942435262967894,0.5685411760805803,0.39855171339694406,0.5293093136124453,0.45799532062130266,0.4539621384984103,0.6463632584063903,0.5811907018296518,0.6198725849173925,0.7175855881674671,0.6799120006104497,0.7167606190968756,0.5238095198085011,0.3150923449488201,0.5934735746584605,0.5569916090922975,0.4506622622160438,0.557541588472692,0.2670608123943744,0.16247306688936958,0.574224296344656,0.5801824062989288,0.605481457797072,0.6128145162023309,0.6199642481474583,0.6016316021343111,0.6152894234141058,0.5970484406310242,0.5776158358570882,0.6273889697827828,0.5675328805498572,0.5001604064515413,0.6880700280863001,0.4515788945167011,0.40226407674133513,0.4417709288996673,0.43627113509572313,0.41995508014402216,0.5239011830385669,0.40739721762501635,0.629359727672109,0.598881705232339,0.5828406294557312,0.7021861655164234,1.0,0.6756954920274258,0.8991704469276903,0.6459966054861273,0.49768547813716235,0.6250055871677027,0.6031897536852718,0.5966817877107613,0.54920023453671,0.5691828186910405,0.4544204546487389,0.39593931386679926,0.2166460358582195,0.4776112518553701,0.5046060710285429,0.5339841383457978,0.5537833960399968,0.5514001520582876,0.5514918152883534,0.5459003582543436
S3F,0.4478665313794853,0.42224666089566554,0.414409452264936,0.4110637468276458,0.3948851841789113,0.40235573997140084,0.40253906141157725,0.32050047552269856,0.41665520386165567,0.43984600106828686,0.4673449700880077,0.4377377467767749,0.4698198772997826,0.4875108807024696,0.5075851280868658,0.5247261521091584,0.6952197600314276,0.5459003582543436,0.45625371925005365,0.4345295337244742,0.4260965165584265,0.3699069565281302,0.3886062554615404,0.3853063791791739,0.4614785233638006,0.39575598740666784,0.41729684647211585,0.3996975062994945,0.379714922145164,0.4673449700880077,0.39163114205370975,0.3196296548290716,0.550941835907959,0.3825106480680506,0.45707868832064524,0.3655071214849749,0.37091525205885334,0.5168431143235052,0.45377881203827874,0.48787753362273256,0.48870250269332416,0.4542371281886074,0.4506622622160438,0.5132682483509414,0.35423254418688943,0.5450753891837519,0.5299509562229054,0.504743567954828,0.5519501314386821,0.30473439995139195,0.17915577476133349,0.6454466261057329,0.6651542205698662,0.6899032926876149,0.688803333926826,0.7055777050288558,0.6635042824286829,0.6932948322000472,0.6616710178273681,0.6500297876090197,0.715568997106021,0.6286722550037032,0.5645079939576879,0.5956734921800382,0.49273568481621655,0.42976304576105595,0.4797195061468821,0.46688665393767903,0.44085429659901,0.5534167431197339,0.4218800079754026,0.49727301259247736,0.5588248736936123,0.4685365786825598,0.8330812580502946,0.6756954920274258,1.0,0.7112608252929313,0.49181905251555924,0.5583665389899358,0.5852237306120397,0.5557081857501762,0.46037856460301174,0.4282964340800042,0.4361794718656574,0.3711902417490506,0.34955771945353686,0.20564644825033118,0.3565241249385328,0.4516247238279689,0.47880287384622466,0.47541133433379246,0.4790778635364219,0.45717035155071095,0.45460378110887034
S3F_MSA,0.6096521331251827,0.6467299113266531,0.6051606348330925,0.6135478220428567,0.6692332329182158,0.690544935298075,0.35954900614953833,0.40583894271389875,0.547825286085724,0.5819240076701777,0.5605664750648613,0.559283189843941,0.605114804876809,0.4268298223989524,0.4449791419519681,0.4548787707990676,0.583573945811361,0.547825286085724,0.5009853755221328,0.5264677534804074,0.5007103858319356,0.46303679827491806,0.4798111693769478,0.47293642712201756,0.5388422895392818,0.48952747176391587,0.49365231711687396,0.4842110044201031,0.467253306857942,0.6223474921291674,0.493285664196611,0.40120993198665,0.5696411348413691,0.40780969967247693,0.529400976842511,0.45955359553242014,0.45946193230235444,0.6473715539371133,0.5868738220937275,0.6310554989854122,0.715568997106021,0.6809202961411727,0.7172189352472043,0.520051327375806,0.3066593277827724,0.5926486055878689,0.5565332929419688,0.4632201247350496,0.5601081589145326,0.2721022900479899,0.16338969919002688,0.5684495128505146,0.5802740695289945,0.6081396914689783,0.6080480282389126,0.6180393203160778,0.5920069629774087,0.6107062619108189,0.5883404337747793,0.5718410523629468,0.6224391553592331,0.558916536923678,0.48677757486194373,0.6821119181320273,0.44149593920947017,0.401255781210612,0.4433292038107849,0.43892936876762956,0.42224666089566554,0.5338008118856663,0.4054722897936358,0.640084325634855,0.6040148461160202,0.5930152482494939,0.6713873202143361,0.8991704469276903,0.7112608252929313,1.0,0.6527796845109918,0.5046518839148222,0.630505383004891,0.612081089765782,0.5950318495695781,0.554058385730194,0.5699161245315664,0.4539621384984103,0.397772578468114,0.2107795891340124,0.478344557695896,0.5008478785800593,0.5305009356032999,0.5512168255981562,0.5503001932974989,0.54920023453671,0.5521334578988135
SiteRM,0.650258944214896,0.6207892172180498,0.5680370265005104,0.5761492241760364,0.6395343462521501,0.6608460487567765,0.3054676999563549,0.42068838598454805,0.567624543779923,0.6059397739474006,0.5552500077210486,0.5714743994426839,0.6305055196050179,0.35753242046925593,0.3714652314392478,0.36092395998168814,0.4584536367716313,0.46789494946840215,0.4757779872540554,0.5466336640948695,0.5445254098033574,0.5056602002554853,0.5212429493666605,0.5218845919771207,0.5737659801943273,0.5275677122411964,0.5235345301183039,0.5292176503823796,0.5072184751666029,0.6837618562732106,0.5271093960908676,0.44621657927246017,0.5434254510425687,0.4075347099811244,0.5662495953289369,0.49621888755871457,0.5178514098542283,0.6899032926876149,0.6280306123932431,0.6835785298130791,0.718318894007993,0.6789037050797265,0.7008112170654375,0.5008020490620013,0.2546862763355,0.5896237189956997,0.5463586744046722,0.36284888781306857,0.4965855404789775,0.15963150675733173,0.1302992731362962,0.4345295337244742,0.4410376230591414,0.45634538248011935,0.44956230345525494,0.4626701453546551,0.44727072270361146,0.46386176734550977,0.4435125302709163,0.4318713000525678,0.4649617261062986,0.4059306059439646,0.37348182250069395,0.6393051896913285,0.3664237537856323,0.32948347206914064,0.3583573895398475,0.3465328328613676,0.33855813184564854,0.4351711763349343,0.31976716968217267,0.7036069443372732,0.5202346538359375,0.5897153718839492,0.47605297694425264,0.6459966054861273,0.49181905251555924,0.6527796845109918,1.0,0.3767816726011983,0.6067645976410276,0.5941150910876377,0.6035565299656915,0.5761492241760364,0.5986983787722076,0.4875108807024696,0.4119803791283031,0.18392226272475176,0.5029103033535133,0.5088225796292807,0.5339841383457978,0.5400339115301365,0.5503001932974989,0.5517668049785507,0.5661579320988712
ESM3,0.34584531466544033,0.3356248805726557,0.30853837752101865,0.3014344943217727,0.3116549275527394,0.3157339588127587,0.34845770047484714,0.32040878374250403,0.34176631724506623,0.3578073831804671,0.36477378895812684,0.36284886104587877,0.3746734182211171,0.39373937087576494,0.41023875298074874,0.4301296747406458,0.4237132483664854,0.36193222870671304,0.3040927281053535,0.3742151020515343,0.39126446356001743,0.3413080010754834,0.34754110098181057,0.3411246746076503,0.4044639692440044,0.3461661524730619,0.37476508145503373,0.3657820845312092,0.3463494789408951,0.3842980577823576,0.3053760133801855,0.24886549713660733,0.43278790852422644,0.3117465907889665,0.4170218322905753,0.3408496849059005,0.32251703812258525,0.43590445847739,0.38979785181735216,0.38081485489352773,0.4120720176590802,0.3807231916596111,0.35991563756054834,0.41143037502166424,0.301801147257439,0.4438791598281322,0.44415414952988186,0.5514917964461926,0.5368256790195405,0.42270495279340303,0.20078826348137202,0.4989687634119945,0.5104266676515665,0.5349924143412089,0.534534098171626,0.529125967370548,0.5247261321425524,0.5322425173237116,0.512259932329898,0.48677755330108985,0.54406707449895,0.5626747109840149,0.5097850250141505,0.4865942268332567,0.44855398475787756,0.39172277972960035,0.433521214395559,0.44818733182221127,0.41308031323216254,0.5056601794879045,0.4208716881150716,0.3996516343307366,0.49686050903191326,0.39126437149565396,0.5577248963525199,0.49768547813716235,0.5583665389899358,0.5046518839148222,0.3767816726011983,1.0,0.4535025871668025,0.45506105790395435,0.3641321463207109,0.3556991288003859,0.35386586412205434,0.3492827024262255,0.3110591338830132,0.1809890049553916,0.3049176972106027,0.4192675668833318,0.4201383822437389,0.4490123009274605,0.4168385058227422,0.389614525349519,0.40134741929084083
ESMC-300M,0.5444793236694171,0.507126629723964,0.49644776427768245,0.49062724221239884,0.5056140924058761,0.5204178029971694,0.375406283266425,0.34460766273504617,0.5122597725053399,0.5324256905750309,0.5543332106598313,0.5411337006505792,0.5842154347085551,0.43544595731260827,0.45423692642300206,0.47220292615781756,0.5582747310098164,0.4762361097717558,0.41014689646154157,0.5140013745204497,0.4786193546345374,0.43159610022657635,0.4437873143323441,0.4329710491858735,0.514918007159981,0.44626222245907887,0.45002041628115763,0.4529536407276581,0.4247213554300908,0.5724825369225532,0.43837918175910884,0.34410264680892166,0.5432419557215014,0.45345768535645425,0.5179428948704347,0.414363406603386,0.42976283494751355,0.6024564242352302,0.5205094662611226,0.577524016439976,0.5814655367899609,0.5426919761377826,0.5627662309435203,0.5813738735260079,0.325541703832793,0.6625875253884902,0.6398550359281114,0.3972223762441488,0.5379254864122193,0.18630520588797272,0.14762330849974747,0.4850357831112573,0.4897106095728674,0.5188595275099661,0.5046517215972293,0.5308674150878274,0.502451803262354,0.5273842110576081,0.5055683542367607,0.48833566061357025,0.5292174763366709,0.5079515990995424,0.48246921172056934,0.684036729153525,0.4326960593940141,0.35670721357686075,0.39034763144766327,0.37833974386980185,0.34836585655712493,0.4823775484566162,0.3380079077304201,0.592235893217306,0.5496583841982212,0.5595575171155,0.5649661492783957,0.6250055871677027,0.5852237306120397,0.630505383004891,0.6067645976410276,0.4535025871668025,1.0,0.7144649382700785,0.5804572408864763,0.5171179254948564,0.5307757518238743,0.4227047636231218,0.36404027469311195,0.19748812409025585,0.41143018215688554,0.4943395088081979,0.5318757109913119,0.5481001087110178,0.5323340273110777,0.5210594458448414,0.5291258130727178
ESMC-600M,0.5172553717176682,0.511434831864749,0.505980789114663,0.5076766382637088,0.5152387797073745,0.5254593104247292,0.3333329076242495,0.4235297669038287,0.5650578381234961,0.5909068770379691,0.6325219964250992,0.6036480699780816,0.6596543209594397,0.3921809324756381,0.41830496116579696,0.44562061221726124,0.5214261270480028,0.49401881273797654,0.453320325936466,0.5617579608152656,0.5828405102845166,0.5188595558082679,0.5237177085120519,0.5262842797517868,0.6028231006510241,0.5391171359504612,0.5455335640497985,0.5463585333768561,0.5109765155719392,0.5772490515122369,0.4948437820650342,0.37755994716696795,0.5480084720309715,0.43375012983687367,0.6159309466253844,0.5034601283698585,0.49365215970372867,0.6527795765672926,0.586232050851309,0.5891652751252918,0.6362801900261397,0.6006231824455369,0.581832214440335,0.5273842388545302,0.2764102369118817,0.6835784314441113,0.5950317236732574,0.38787275932322596,0.5625829301423232,0.19391330420611697,0.1477150218908888,0.4634949476368436,0.45662020324469654,0.47962768114374876,0.47761108945538555,0.4902606191369362,0.47266127349303966,0.4923688740838613,0.47201963068310593,0.4683531003406275,0.49466045554791027,0.4919105577910514,0.44562061221726124,0.6603876270279354,0.4075803599140475,0.35093246612275575,0.39621411585236443,0.37888975998415386,0.36834848524952835,0.4738528958543452,0.3555156290508539,0.6039688281602935,0.5261009532346628,0.5096010969673075,0.5325173813340001,0.6031897536852718,0.5557081857501762,0.612081089765782,0.5941150910876377,0.45506105790395435,0.7144649382700785,1.0,0.6430632711597248,0.5901735709694734,0.6000732028941651,0.5264676062689106,0.4562535502104488,0.20537121152636206,0.48017766069512047,0.4810483788055784,0.4952104350992821,0.5134514235531122,0.5142763928801699,0.5195928618767636,0.5176679334469625
xTrimoPGLM-1B-MLM,0.479582009115469,0.5434254510425687,0.5322883666246906,0.5492918977667758,0.5821531639899367,0.5997066743029306,0.26605251069691616,0.4617535130539978,0.6298638769945577,0.6656125367201948,0.661762681057434,0.6701040349934159,0.722168749670754,0.298776289997119,0.3199504961423041,0.34387459918946117,0.4318713000525678,0.4997020903012125,0.5334341589654035,0.5698244613015007,0.6041065093460859,0.5652412997982138,0.5750492654152476,0.5684495128505146,0.6233557876598905,0.587423801474122,0.5727576846636042,0.5692744819211062,0.5415921864412538,0.5849488942623471,0.5672578908596599,0.4516247100053783,0.5423254922817797,0.3695861325744849,0.6248223993409423,0.5493835609968415,0.5334341589654035,0.657912825394673,0.603739856425823,0.585682200102873,0.6784453889293979,0.6471882274769818,0.6404968116821832,0.4435125302709163,0.1875887919273812,0.5894403925355681,0.5133599115810072,0.3455245373306445,0.4930106745064138,0.17319766480706067,0.1261744277833381,0.412713684968829,0.4039140148825183,0.4171135200119843,0.42728813854928105,0.4367294512460519,0.4262798430185579,0.43324624850355387,0.42307162996625713,0.41656354063158996,0.4407626333689443,0.42059672275448234,0.35102433113458864,0.6261056845618626,0.35872404246011047,0.29630138278534424,0.3417663448979493,0.33360831742209873,0.3375498363149254,0.4150969289505382,0.32380035180506506,0.6010357894628056,0.4843026676501688,0.5107016655756302,0.45377881203827874,0.5966817877107613,0.46037856460301174,0.5950318495695781,0.6035565299656915,0.3641321463207109,0.5804572408864763,0.6430632711597248,1.0,0.6709290040640075,0.682570234282356,0.5487419183863813,0.4692698979193881,0.19033868882935334,0.5514001520582876,0.4759154798974362,0.49181905251555924,0.5201429906058717,0.5286676710019851,0.528026028391525,0.5169347775535709
xTrimoPGLM-3B-MLM,0.4396168406389115,0.5173930937038995,0.5035977754935839,0.5250928050294215,0.5420046690524776,0.5590998633838096,0.2452449572971659,0.5228928875078438,0.677345430168609,0.7102525297622082,0.6282139388533745,0.685686784104591,0.7337183166590366,0.2670608123943744,0.291168241901663,0.3117924686664536,0.388056276081146,0.45038727252584654,0.4920940422057565,0.6091479869997014,0.5986067155421417,0.6152894234141058,0.6348136914181075,0.6432467085841552,0.5968651141708927,0.6411384542926433,0.6272056433226514,0.6284889285435717,0.6211558701383129,0.5817406812100463,0.6288555814638346,0.5009395292309706,0.5366423720177042,0.34144552082608315,0.5930152585081319,0.6047481519565461,0.612081210361805,0.6096979663800959,0.6358219869488306,0.6011732859839823,0.6332554165069899,0.64572161579593,0.6192309423069324,0.4138136437296178,0.16238140365930376,0.5547916915707198,0.4856776161011549,0.3141757126481627,0.471744805131163,0.19318024896139108,0.12149960304998553,0.3803565647556242,0.38191483966674167,0.39914752691910005,0.39658095647725944,0.40006415921975746,0.3886062554615404,0.39988083275962594,0.39263943758443276,0.3963059667870622,0.40648058532435893,0.38090654413601854,0.3110591628259277,0.592923595278066,0.3358082349436764,0.3018011765892884,0.3405747229070947,0.3249003105658539,0.3326916851214414,0.3910811626733153,0.32948347206914064,0.58251981691174,0.42994637222118737,0.4825610532361245,0.4218800079754026,0.54920023453671,0.4282964340800042,0.554058385730194,0.5761492241760364,0.3556991288003859,0.5171179254948564,0.5901735709694734,0.6709290040640075,1.0,0.7153856706458894,0.5986067155421417,0.49117740990509906,0.17539758232863834,0.5646913204178194,0.4491498166057968,0.47953617968675055,0.5059351899456825,0.5176680833940968,0.5237178565784354,0.5107016779091009
xTrimoPGLM-10B-MLM,0.47096566545309193,0.5560749767916402,0.5444795762746497,0.5633163719668334,0.5722535351012481,0.586323842713333,0.26440257254186983,0.5063018428659456,0.6404051484521174,0.6814702755215671,0.6159310660245658,0.6658875264103921,0.7280351963949611,0.29914294291738197,0.31555066109914875,0.3200421593723698,0.4071222279348191,0.4524955268173585,0.5008937122920671,0.5920069629774087,0.5799990798387973,0.5879737808545163,0.6034648667356257,0.6049314784166775,0.5920986262074746,0.6085980076193069,0.6074980488585182,0.6063064268676636,0.6016316021343111,0.5953985024898409,0.5884320970048451,0.4521746894019463,0.5300426194529712,0.3637196858256324,0.5968651141708927,0.5702827774518293,0.5834822825812953,0.62702231686252,0.6207892172180498,0.6102479457604902,0.6580044886247387,0.6536963168116492,0.6451716364155357,0.43297125881335663,0.1909803314398134,0.576974193246628,0.4997020903012125,0.3310417469802581,0.4874192174724039,0.1916219740502736,0.12498280579248344,0.40574727948383305,0.38851459223147466,0.41152206297797445,0.4111554100577115,0.42142169182507394,0.40739721762501635,0.4187634581531676,0.4095054719165282,0.40318070904199244,0.42389659903684884,0.4072138911648848,0.34029973321689755,0.601264949214048,0.3442412521097241,0.30060955459843375,0.3450662211803158,0.3357165717136107,0.3407580493672262,0.41573857156099825,0.3358082349436764,0.5970942705534203,0.4558870663297907,0.4923690191003822,0.4336129014238168,0.5691828186910405,0.4361794718656574,0.5699161245315664,0.5986983787722076,0.35386586412205434,0.5307757518238743,0.6000732028941651,0.682570234282356,0.7153856706458894,1.0,0.5673495540897258,0.4658783584069559,0.18208899812343704,0.6002566536833249,0.4737155623666165,0.4946606126475971,0.5172097672437681,0.530775925293497,0.5376506675484273,0.5309592517536286
xTrimoPGLM-1B-CLM,0.36839451057862427,0.4080388602354764,0.3997433353928047,0.4139053069596835,0.4288005794457147,0.4378294100068407,0.22242081281902581,0.5717493891328811,0.5649663101080167,0.5918236365172773,0.5444337465732918,0.5952151760297095,0.6147394440337113,0.24350336226748026,0.2703606886767409,0.2974930047761988,0.3326000218913757,0.38347311457785915,0.4159218980211298,0.5697327980714348,0.6479215333175077,0.6776204198588063,0.6782620624692663,0.6741372171163083,0.6434300350442868,0.6886200074666946,0.6709290040640075,0.6830285504326847,0.6470049010168504,0.5107933411391665,0.5711994097524866,0.46619916401442885,0.4973188463195034,0.3263210878016979,0.6196892584572611,0.655804571103161,0.6035565299656915,0.5844905781120184,0.6273889697827828,0.5435171142726344,0.5674412173197915,0.5795407636884686,0.513451574811073,0.37412346511115413,0.14799027653898322,0.5024519872031846,0.4326962691231595,0.28383518349640413,0.4392960216878925,0.16558961671160455,0.10875841407084819,0.36037398060129366,0.35038268852412846,0.36688206993596095,0.36679040670589524,0.363765520113726,0.36349053042352875,0.36669874347582954,0.35762408369932164,0.36999861975819603,0.37687336201312616,0.35203262666531177,0.2929098432729119,0.5242678359588298,0.29978458552784215,0.28988495668074266,0.33452494972275615,0.3359915614038079,0.3293001456090092,0.3672487228562239,0.3466244960914333,0.5012145315018626,0.3910811626733153,0.3798982329747356,0.36679040670589524,0.4544204546487389,0.3711902417490506,0.4539621384984103,0.4875108807024696,0.3492827024262255,0.4227047636231218,0.5264676062689106,0.5487419183863813,0.5986067155421417,0.5673495540897258,1.0,0.5578165781628892,0.19217195343066806,0.4776112518553701,0.4545579472023952,0.4798111693769478,0.5008937122920671,0.5195930112254772,0.5225262345875807,0.4922773686658879
xTrimoPGLM-3B-CLM,0.3254961187276405,0.35102433113458864,0.3345707785422717,0.34451624179992135,0.35986983014669804,0.36669874347582954,0.23149547267178028,0.4510289151363067,0.484944310260629,0.5019020078227903,0.47467802849326657,0.486685911631878,0.508226770697326,0.26742746531463735,0.26761079177476876,0.2895183037604797,0.3249003105658539,0.35606580878820415,0.3798065853752297,0.47944451645668484,0.5399422483000706,0.5536000695798653,0.5601081589145326,0.5711077465224209,0.5202346538359375,0.5631330455067018,0.5644163307276222,0.5603831486047298,0.5383839733889532,0.41060543067731703,0.46780328623833634,0.3851688662534183,0.4253632107179006,0.2775562492018616,0.5101516985287065,0.5395755953798077,0.4831110456593143,0.4865942484018123,0.5356340764869811,0.45295384296768715,0.4700948669899798,0.4871442277822067,0.4250882210277034,0.34130802874762056,0.16439799472075,0.4285714237702013,0.38099820736608436,0.26981070929634643,0.37018194621832745,0.14744029715858886,0.09849213230348575,0.33113341021032394,0.32059213875276427,0.3323250322011785,0.3322333689711128,0.3357165717136107,0.3310417469802581,0.3341582968024932,0.3256336164063798,0.34121636551755485,0.34295796688880387,0.3309500837501924,0.2974930047761988,0.4451624684120996,0.28823501853955946,0.27815206323232844,0.30904257176448147,0.31545899786908305,0.30216782950955134,0.3416746816678835,0.31958384322204114,0.4043264969153457,0.3589990321503077,0.3315000462800808,0.34103303905742344,0.39593931386679926,0.34955771945353686,0.397772578468114,0.4119803791283031,0.3110591338830132,0.36404027469311195,0.4562535502104488,0.4692698979193881,0.49117740990509906,0.4658783584069559,0.5578165781628892,1.0,0.2074797128516459,0.41903844784336475,0.37875245561956694,0.3928227640445643,0.40996378806685696,0.4245382416473089,0.42325495642638866,0.38759795993081736
xTrimoPGLM-7B-CLM,0.18231815276345953,0.18245565104369998,0.14308629013050855,0.1486319191494434,0.17361014587063162,0.17237269573646907,0.24423666175797099,0.15037352052069242,0.18282230396396293,0.18300563042409446,0.21032127298368375,0.1908886682097477,0.1949218503326401,0.26000274367931275,0.25844446876819516,0.2528530117341853,0.23204545850926317,0.20848800838236903,0.17805581600054465,0.17943076445153072,0.20537145856013406,0.17576423524890128,0.1775058366201503,0.1892387300685645,0.213346159575853,0.1842889156450147,0.19235527989079948,0.17915577476133349,0.16054813905798904,0.17154772666587736,0.1294743040657046,0.07571379245118803,0.18245565104369998,0.13575323169444298,0.21462944479677337,0.17319766480706067,0.16898115622403675,0.21765433138894263,0.2007882970568472,0.2000549912163213,0.2107795891340124,0.20280488811829345,0.19785507369474364,0.2380952316936018,0.24845317669102995,0.1908886682097477,0.23048718359814568,0.18868875068817004,0.17823914246067618,0.09005911513743803,0.07190979558442234,0.17081442082535148,0.16953113560443123,0.19235527989079948,0.18062238644238526,0.1933635754215226,0.185938853786198,0.19024702559928752,0.19189696374047083,0.18694714931692102,0.19272193281106242,0.2165543726281538,0.23791190523347028,0.21682936231835104,0.22627067501512188,0.19033868882935334,0.15486501879391346,0.1759475617090327,0.16118978166844922,0.20234657196796468,0.1643063314906843,0.17901827646723,0.20390484687908228,0.16173973991928414,0.21517942417716773,0.2166460358582195,0.20564644825033118,0.2107795891340124,0.18392226272475176,0.1809890049553916,0.19748812409025585,0.20537121152636206,0.19033868882935334,0.17539758232863834,0.18208899812343704,0.19217195343066806,0.2074797128516459,1.0,0.18199733489337133,0.2039506751498531,0.21215453758499847,0.2099546200634208,0.20390484687908228,0.20124661320717585,0.17970575414172796
xTrimoPGLM-100B-int4,0.3895687168127637,0.4763279666344499,0.4672074730046083,0.4831110456593143,0.4882900160082969,0.49933543738094954,0.2162793763530202,0.4002474856798889,0.5126266057404814,0.5488335816164471,0.5038269356541707,0.546083684714475,0.5857738633329387,0.23626196709228708,0.24936980899168737,0.25743617323747214,0.30812593946382416,0.35762408369932164,0.4027223928916638,0.48521929995082624,0.46936156114945393,0.49456894941753127,0.5034602827339076,0.5140932174215331,0.4733030800422805,0.5031852930437105,0.5285760077719194,0.5019936710528559,0.49264402158615084,0.4986937947704895,0.4756863240239897,0.36252804776137126,0.45038727252584654,0.29863879220555023,0.46606168486708743,0.4874192174724039,0.4850359734906947,0.49676886693910893,0.5199596641457402,0.5062101796358798,0.5353590867967839,0.5433337878125029,0.5403089012203336,0.31142581574619066,0.1559649775547023,0.45561207663959347,0.3802649015255585,0.28062697044410334,0.40758054408514777,0.21948759599025736,0.11517484017544977,0.31454236556842563,0.310967499595862,0.3216004342834874,0.32957513529920635,0.33800815246525406,0.3406663861371605,0.3368165304743995,0.3283835133083518,0.32279205627434193,0.33883312153584577,0.3326916851214414,0.29895961645725055,0.5126266057404814,0.28997661991080836,0.22627067501512188,0.2687107505355576,0.2672441388545058,0.2868600700885734,0.3455245373306445,0.2910765786715972,0.5061643459462069,0.3811815338262158,0.42362159481820216,0.3522159531254432,0.4776112518553701,0.3565241249385328,0.478344557695896,0.5029103033535133,0.3049176972106027,0.41143018215688554,0.48017766069512047,0.5514001520582876,0.5646913204178194,0.6002566536833249,0.4776112518553701,0.41903844784336475,0.18199733489337133,1.0,0.3754525793233374,0.40070580183021753,0.4243549151871775,0.43489618664473717,0.45872862646182855,0.4415876024395359
Progen3_112m,0.4505705932154942,0.4248590605363295,0.39428936936402825,0.39827672370559164,0.4221549915966759,0.4268756516062475,0.3882854238768779,0.399651672162354,0.4227508062359606,0.46143268948620664,0.4759154798974362,0.4740822152884199,0.5005728888887069,0.4321004557419442,0.45969108810764103,0.46189100563846075,0.44209174786108363,0.3929602563394441,0.3765525380887472,0.44933314306669836,0.5441129233528463,0.4804069781895264,0.47554882697563294,0.4597827513380919,0.5587790402249776,0.4851734661729691,0.4670241465437067,0.49809798166653474,0.43475868942501805,0.4875567101646904,0.4175260021002638,0.3578990423681132,0.4928731775308379,0.37265684684131506,0.5798615832286662,0.46033273072079683,0.43301708804645245,0.5869196519733794,0.5028644696499773,0.4952564215225592,0.5385214662953464,0.49140656584362485,0.47949034588501827,0.5458545247314119,0.3419955002087881,0.5169806071394036,0.5907695076523138,0.32237956889231256,0.45299967228473126,0.20807552052014,0.12722855126251664,0.44539162415731315,0.4226591430055098,0.4554745795069034,0.43970850386936233,0.4470415623054279,0.4540079678196902,0.46207433209936244,0.4407167994043213,0.44346669631784597,0.46555753485649354,0.4639992599388296,0.46821576853956737,0.5862780093602236,0.4253173766885836,0.3955268267920671,0.41019294366419823,0.4097346275119441,0.3840689229857145,0.4687657479222722,0.4097346275119441,0.5007103805880542,0.4905815967695675,0.412667828679538,0.4639075967083788,0.5046060710285429,0.4516247238279689,0.5008478785800593,0.5088225796292807,0.4192675668833318,0.4943395088081979,0.4810483788055784,0.4759154798974362,0.4491498166057968,0.4737155623666165,0.4545579472023952,0.37875245561956694,0.2039506751498531,0.3754525793233374,1.0,0.705806861868093,0.6702415284531749,0.6504422706757976,0.5830697962944449,0.5266052463367397
Progen3_219m,0.45318299874563284,0.4458041110225597,0.422017500392354,0.4302213619113846,0.44584994030956726,0.45469544433893616,0.3833814461668733,0.44387918319117925,0.4714698154409658,0.5017186813626587,0.48026948552727644,0.5085934236175889,0.5306842620634313,0.4400293275284184,0.4598285852226174,0.4690865714592567,0.46056189106314327,0.41757183616231297,0.39502268156614195,0.4784362209259617,0.5448920627236205,0.5301342826830369,0.5221595816673179,0.4989687844606866,0.5604748118347955,0.5322425369745488,0.5213346125967262,0.5459003582543436,0.4758696504841211,0.5104266882189037,0.46936156114945393,0.38846874263282594,0.5140015541914673,0.3883770948169031,0.5734909905041301,0.5167514510934395,0.4772445989351072,0.5914569835970143,0.5556166606413115,0.5381089836987559,0.5581832310831522,0.5341674648059294,0.5136349012712045,0.5734909905041301,0.3424996507384752,0.5413171967510567,0.6106145986807532,0.34020806998683173,0.47018653022004553,0.21288784342552436,0.1337824758787941,0.45121224159643814,0.43874604230749803,0.47211145805142596,0.45872862646182855,0.46230349243439217,0.46881158176905946,0.47440303880306933,0.4515788945167011,0.45222053712716126,0.48191942366845975,0.4988771212306209,0.4872358910122724,0.6256473684115339,0.4544204546487389,0.4138136437296178,0.42985470899112166,0.42160501828520536,0.4062972588642275,0.48439433088023465,0.41720518324205,0.526971899258543,0.5066684957862084,0.4455291073561235,0.4881525233129298,0.5339841383457978,0.47880287384622466,0.5305009356032999,0.5339841383457978,0.4201383822437389,0.5318757109913119,0.4952104350992821,0.49181905251555924,0.47953617968675055,0.4946606126475971,0.4798111693769478,0.3928227640445643,0.21215453758499847,0.40070580183021753,0.705806861868093,1.0,0.7392181104629809,0.7207938012197679,0.635363670798502,0.5777074990871539
Progen3_339m,0.46033273072079683,0.47220312128149167,0.442916716935141,0.45121224159643814,0.4697740434572313,0.4825610662789199,0.37806497877839096,0.4667949907076133,0.4909024202149018,0.5161098084829793,0.49099408344496764,0.5358174029471126,0.5595581795341382,0.41894678461329904,0.450203946065715,0.45643704571018506,0.44479581549183667,0.41491360249040665,0.3986892107687714,0.48531096318089195,0.5564416297119031,0.5645079939576879,0.5520417946687478,0.5212429493666605,0.5838489355015583,0.559283189843941,0.5530500901994709,0.5639580145772936,0.5083184339273917,0.5323342002046145,0.4847609838004976,0.3967184335813452,0.5288509974621166,0.3910353284999768,0.5843072516518869,0.5456253685641463,0.5069434854764057,0.615564413104303,0.5910903306767514,0.5739493066544588,0.5900820351460283,0.5695494716113034,0.5514001520582876,0.5527751005092737,0.329025155918812,0.5521334578988135,0.6041065093460859,0.3563407984784013,0.4883358497730612,0.24277005642695437,0.13836563738208096,0.4515788945167011,0.4374627570865778,0.4731197535821491,0.46028690137294603,0.4601035749128145,0.47027819345011124,0.4772445989351072,0.4517622209768326,0.4468124065532828,0.48045281198740797,0.5114349837496268,0.4722947845115575,0.6548879388025037,0.45698702509057954,0.4137219804995521,0.42389659903684884,0.4245382416473089,0.39676428293739097,0.495393918488123,0.4014391076707434,0.5440212601223955,0.5213346125967262,0.47660294313166895,0.4855859528710892,0.5537833960399968,0.47541133433379246,0.5512168255981562,0.5400339115301365,0.4490123009274605,0.5481001087110178,0.5134514235531122,0.5201429906058717,0.5059351899456825,0.5172097672437681,0.5008937122920671,0.40996378806685696,0.2099546200634208,0.4243549151871775,0.6702415284531749,0.7392181104629809,1.0,0.7399514163035068,0.6681791071620354,0.6217975127487729
Progen3_762m,0.4522663664411246,0.4700948669899798,0.4463999196922722,0.45451211787880463,0.47554882697563294,0.48705256455214097,0.3640405044604976,0.46706998039781045,0.49191071574562495,0.5189513686150171,0.5044685782646308,0.5498418771471701,0.5765158770962994,0.3948393551060104,0.41803015231264173,0.44222924504999606,0.445345794872231,0.42563820040809774,0.402997382581861,0.48531096318089195,0.569366145151172,0.572116042053144,0.5698244613015007,0.5411338702909252,0.5948485231094466,0.5804573959891259,0.57908244753814,0.5823823238205065,0.5308675885235628,0.5339841383457978,0.495393918488123,0.4034098495729218,0.5316008943640886,0.38966038004321457,0.5945735334192493,0.5590082001537438,0.5201429906058717,0.6164810454049603,0.5987900420022731,0.5823823238205065,0.5978734097016158,0.5795407636884686,0.5547000283406542,0.5426921452020428,0.3052843793317863,0.5599248324544011,0.592281952667606,0.3512993208247859,0.4913607363652306,0.2371785993929444,0.1346074449493858,0.462395155664458,0.43379622788394834,0.4657866951768902,0.4590036161520257,0.45561207663959347,0.47046151991024276,0.4707365096004399,0.45231220035722697,0.45359548557814733,0.4799028326070135,0.50126036521233,0.4443374993415079,0.6562628872534897,0.4461707639428226,0.40327237227205814,0.41903844784336475,0.4086805028459366,0.3864063379399627,0.48017782229721073,0.4013474444406777,0.5475044628795267,0.5100600352986406,0.4834776855598869,0.4880608600828641,0.5514001520582876,0.4790778635364219,0.5503001932974989,0.5503001932974989,0.4168385058227422,0.5323340273110777,0.5142763928801699,0.5286676710019851,0.5176680833940968,0.530775925293497,0.5195930112254772,0.4245382416473089,0.20390484687908228,0.43489618664473717,0.6504422706757976,0.7207938012197679,0.7399514163035068,1.0,0.6944864541909017,0.6497547979188225
Progen3_1b,0.4641825863997313,0.4865942484018123,0.46014940425989515,0.47036985668017695,0.491314902613174,0.5038269356541707,0.36119894430458455,0.47696960924490994,0.5107933411391665,0.5404005644503993,0.5052018841051567,0.5514918152883534,0.5895320557656338,0.36019065414116225,0.37522342387194296,0.3978642416981798,0.4121637055884346,0.39988083275962594,0.3971309358576539,0.5051102208750909,0.5415921864412538,0.586323842713333,0.5845822413420841,0.5686328393106461,0.5597415059942696,0.5951235127996437,0.5852238839525443,0.5913653203669487,0.5541500489602598,0.5381089836987559,0.5046519047247623,0.4053347774609096,0.5212429493666605,0.35253677171063236,0.5560749767916402,0.5720243788230783,0.5600164956844669,0.5952151760297095,0.6158394027945001,0.6084146811591755,0.5950318495695781,0.5974150935512872,0.57908244753814,0.49456894941753127,0.279343685223183,0.5357257397170467,0.54920023453671,0.33883312153584577,0.46881158176905946,0.24487831071846622,0.13314083326833404,0.4186717949231018,0.4053806265635701,0.43572115571532877,0.4302213619113846,0.43067967806171326,0.42802144438980694,0.44204591858986453,0.4237132725767173,0.4203217330642851,0.4452541316421653,0.45387047526834445,0.41088042036751427,0.6482881862377707,0.4152802554106696,0.3704569359085247,0.40748888085508206,0.3943810389556818,0.37586506648240314,0.4458041110225597,0.38998120391252644,0.5421879955133792,0.47192813159129454,0.46349510090186663,0.4592786058422229,0.5514918152883534,0.45717035155071095,0.54920023453671,0.5517668049785507,0.389614525349519,0.5210594458448414,0.5195928618767636,0.528026028391525,0.5237178565784354,0.5376506675484273,0.5225262345875807,0.42325495642638866,0.20124661320717585,0.45872862646182855,0.5830697962944449,0.635363670798502,0.6681791071620354,0.6944864541909017,1.0,0.6779870727790691
Progen3_3b,0.4667491568523542,0.4875108807024696,0.46170767917755917,0.46542004225662725,0.49204820845678054,0.5085017603875233,0.32884182381951044,0.43737109385651196,0.5008937122920671,0.5189513686150171,0.47366973296254344,0.5219762552071864,0.5576332517027578,0.3216920975135531,0.33617488786393934,0.3389247847659115,0.39181446851384116,0.391172825903381,0.38833126577134325,0.47366973296254344,0.5125349425104155,0.542600481971977,0.5601998221445983,0.5496585506870386,0.5447087362634889,0.5565332929419688,0.5590082001537438,0.5530500901994709,0.5520417946687478,0.5449837259536862,0.46450340995596984,0.36436131241659775,0.5039185988842364,0.34291213251329633,0.5446170730334232,0.5315092311340229,0.5397589218399392,0.5824739870505722,0.5809157121394547,0.5981483993918131,0.5917319732872115,0.5744992860348532,0.5741326331145902,0.4517622209768326,0.25257802204398805,0.532517526664746,0.5059351899456825,0.36349053042352875,0.4709198360605714,0.2273706337759107,0.12938264083563877,0.39768091523804827,0.3862230114798313,0.4105137674472513,0.406113932404096,0.4101471145269884,0.40153077090080924,0.4154635818708011,0.39749758877791685,0.38677299086022565,0.41555524510086683,0.42307162996625713,0.3646821524143833,0.6421467498233664,0.3796232589150983,0.35038268852412846,0.3670653963960925,0.3698152932980645,0.36999861975819603,0.4351711763349343,0.3512993208247859,0.5481461054926824,0.4842110044201031,0.49539390576879816,0.44378751996111354,0.5459003582543436,0.45460378110887034,0.5521334578988135,0.5661579320988712,0.40134741929084083,0.5291258130727178,0.5176679334469625,0.5169347775535709,0.5107016779091009,0.5309592517536286,0.4922773686658879,0.38759795993081736,0.17970575414172796,0.4415876024395359,0.5266052463367397,0.5777074990871539,0.6217975127487729,0.6497547979188225,0.6779870727790691,1.0
